Bairro,pontos,lat_mediana,lon_mediana,distancia_mediana_km,renda_mediana_2025,criancas_0_9_mediana,populacao_mediana,score_trafego_2025,cluster_predominante,cluster_share,rank_score_trafego,rank_proximidade,score_index_0_100
Jardim Panorama D'Oeste,2,-23.602548144696897,-46.701719446623855,4.034641336321124,34061.648774999994,43.5,443.0,1481681.7217124999,2.0,1.0,1,112,100.0
Jardim Dom Bosco,7,-23.6512780509528,-46.7193279247634,4.377686767081882,15952.54815,66.0,518.0,1052868.1779,2.0,0.5714285714285714,2,134,70.16189594785727
Jardim Arpoador,3,-23.5862638717363,-46.7640588122968,4.255891666302622,13576.69005,64.0,442.0,868908.1632,3.0,1.0,3,124,57.36141858594728
Jardim Helga,2,-23.6401256897842,-46.770196105629296,4.184874887397465,13229.560575,59.5,439.0,787158.8542124999,2.0,0.5,4,118,51.67306190282357
Jardim Viana,1,-23.6049773197206,-46.7155666855138,2.6425102449920446,18002.9157,42.0,490.0,756122.4594,2.0,1.0,5,47,49.51345852466236
Vila Praia,4,-23.61951708268365,-46.7442035371925,0.7296210063237426,10621.501274999999,69.5,538.0,738194.3386124999,3.0,0.5,6,4,48.265967298613965
Jardim Fonte do Morumbi,10,-23.6288946069343,-46.719803487967454,2.334934869255692,29437.33485,25.0,297.5,735933.37125,2.0,1.0,7,35,48.10864255830616
Jardim Vitória Régia,6,-23.6226698318481,-46.719179456705746,2.045720367037987,19819.788450000004,35.5,368.0,703602.4899750001,2.0,0.6666666666666666,8,29,45.85896501546546
Vila Elvira,2,-23.642622969087903,-46.704737618223646,4.495690841787258,12680.3061,46.5,456.5,589634.23365,0.0,0.5,9,140,37.928719481165004
Parque Bairro Morumbi,3,-23.6139178871518,-46.7391267136828,0.3241819852850439,14839.84425,37.0,446.0,549074.23725,2.0,0.6666666666666666,10,1,35.10643597263172
Brooklin Paulista,18,-23.60716699498135,-46.69354314556274,4.706796508916913,19713.083775,27.0,260.0,532253.261925,2.0,0.7777777777777778,11,153,33.93598317502761
Real Parque,30,-23.6079752130323,-46.7042991018713,3.650619690681114,16345.91805,32.5,419.5,531242.336625,2.0,0.6,12,92,33.86564002769564
Paineiras do Morumbi,1,-23.6016204341445,-46.706807511117695,3.6059839596997794,30480.311400000002,17.0,266.0,518165.29380000004,2.0,1.0,13,90,32.955701034077265
Vila Plana,2,-23.641044520890098,-46.74103565517311,2.7591133850286678,4567.765125,108.5,925.5,495602.5160625,0.0,0.5,14,51,31.385716784393054
Paraíso do Morumbi,14,-23.62564124077435,-46.72335635493445,1.9538073979612345,18237.34605,26.5,296.0,483289.670325,2.0,0.7142857142857143,15,27,30.528952865448016
Parque do Morumbi,6,-23.638259938864202,-46.7287139805415,2.5727843257942347,21912.60225,21.0,229.0,460164.64725,2.0,0.6666666666666666,16,45,28.91984593616278
Vila Andrade,132,-23.6312095284177,-46.7382303880122,1.6942693190585716,13336.917825,34.5,344.5,460123.66496250004,0.0,0.4393939393939394,17,23,28.91699426840097
Vila Morumbi,7,-23.6122475404393,-46.7087311718121,3.0448648801476406,22881.2892,20.0,265.0,457625.784,2.0,1.0,18,60,28.743184384957704
Jardim Ampliação,21,-23.6259346766437,-46.7301917795664,1.3519245350718185,15623.7774,28.0,341.0,437465.7672,2.0,0.5714285714285714,19,14,27.34039128839831
Jardim Parque Morumbi,11,-23.6213908658444,-46.7295669070841,1.0695273051247784,8971.0698,48.0,334.0,430611.3504,0.0,0.5454545454545454,20,11,26.86344086403255
Jardim Leonor,13,-23.6015422436335,-46.7165315976372,2.7275472523010516,19028.63655,21.0,276.0,399601.36754999997,2.0,0.9230769230769231,21,50,24.70567530768612
Jardim São Mateus,19,-23.6180767375259,-46.7697328703104,3.201482933000502,6257.3049,63.0,497.0,394210.2087,3.0,0.631578947368421,22,67,24.33054266309254
Jardim Novo Taboão,2,-23.621200216854803,-46.747338161579094,1.0646084211567062,6322.78185,62.0,463.5,392012.4747,3.0,1.0,23,10,24.177617885605557
Vila Suzana,62,-23.6176177885528,-46.73723371917975,0.48441176791327567,15793.810725000001,24.5,297.5,386948.3627625,2.0,0.5806451612903226,24,2,23.825242124384513
Jardim Morumbi,13,-23.6329840604765,-46.726761749588,2.4095999844374054,22750.0119,17.0,222.0,386750.2023,2.0,0.6923076923076923,25,38,23.811453538215975
Vila Cruzeiro,22,-23.63502957780485,-46.7139184192138,3.230435725748427,11320.541925,32.5,423.0,367917.6125625,0.0,0.4090909090909091,26,69,22.50102670989605
Granja Julieta,5,-23.6405681789018,-46.701649235976895,4.677219987004215,15250.943400000002,24.0,294.0,366022.64160000003,2.0,0.6,27,151,22.369169072536568
Morumbi,5,-23.5945545594844,-46.7148628244947,3.1463093137399394,21489.04065,17.0,251.0,365313.69104999996,2.0,0.8,28,66,22.31983821397587
Jardim Colombo,9,-23.5994358542832,-46.7303240734462,2.050638178671978,8863.527750000001,40.0,398.0,354541.11000000004,3.0,0.4444444444444444,29,30,21.57025042945247
Jardim Lúcia,2,-23.585381657237953,-46.76663109524375,4.497815902342669,9370.48035,37.5,307.0,351393.013125,0.0,0.5,30,141,21.351196615789465
Chácara Nossa Senhora do Bom Conselho,9,-23.6421666440922,-46.759277592976,3.560751461895318,6601.760550000001,51.0,487.0,336689.78805000003,3.0,0.5555555555555556,31,88,20.328103091761797
Lar São Paulo,6,-23.6092746089601,-46.7415895426116,0.8799065067786778,10627.253175000002,31.0,352.0,329444.84842500003,0.0,0.6666666666666666,32,7,19.823978943862297
Pirajussara,38,-23.611803661236948,-46.76460328246215,2.7720760459696465,6023.33655,53.0,496.0,319236.83715,3.0,0.6842105263157895,33,53,19.113675580118546
Santo Amaro,45,-23.6385673647295,-46.6994630637192,4.600301607935378,11254.920600000001,28.0,334.0,315137.77680000005,0.0,0.4444444444444444,34,146,18.82845093877002
Cidade Jardim,10,-23.5946446148563,-46.6983203560709,4.601731961235743,29901.558225,10.5,199.0,313966.3613625,2.0,1.0,35,147,18.746940416966872
Vila Gomes,13,-23.5758131704736,-46.7334738803508,4.544102001776877,8399.35635,37.0,398.0,310776.18495,3.0,0.46153846153846156,36,145,18.524958585668916
Jardim Caboré,7,-23.6119775868874,-46.7429294086371,0.7416461190011374,10197.11385,30.0,314.0,305913.4155,0.0,0.42857142857142855,37,5,18.18659282524852
Jardim Umuarama,2,-23.643363512380247,-46.767659817279906,4.234483848365159,5511.46365,54.5,557.0,300374.768925,1.0,0.5,38,122,17.801197552180476
Jardim Sílvia (Zona Oeste),1,-23.5968038412571,-46.706313011663,3.9213123135584507,18254.4516,16.0,186.0,292071.2256,2.0,1.0,39,103,17.223412654040317
Jardim das Acácias,10,-23.62454256962485,-46.6910746595183,4.935085234811144,13063.592849999999,21.5,354.0,280867.246275,0.0,0.4,40,159,16.443806912287947
Vila Cordeiro,11,-23.618286733903,-46.6914133098167,4.779041692991056,10189.90665,27.0,364.0,275127.47955000005,0.0,0.6363636363636364,41,154,16.044417109314608
Jardim Iracema,5,-23.6542310929304,-46.7486054115866,4.30058769646078,4729.85205,58.0,633.0,274331.41890000005,3.0,0.6,42,128,15.989024874509397
Jardim das Palmas,8,-23.62000584709375,-46.74608399582495,0.9564479050065265,3658.79745,74.0,538.5,270751.0113,3.0,1.0,43,8,15.739889612670288
Residencial Morumbi,1,-23.6135828331442,-46.753266847667696,1.555716390073591,19271.6139,14.0,250.0,269802.5946,2.0,1.0,44,20,15.673895997058734
Vila América,3,-23.6212938822603,-46.76654120849209,2.9267980038427948,5082.88935,53.0,299.0,269393.13555,0.0,1.0,45,55,15.645404635451149
Vila das Belezas,16,-23.646627218167502,-46.74431611711695,3.435420258033589,5235.2454,51.0,568.0,266997.5154,3.0,0.375,46,82,15.478710359263909
Vila Franca,11,-23.6367203653298,-46.7462549784702,2.451880317279783,2917.7147999999997,91.0,757.0,265512.04679999995,1.0,0.5454545454545454,47,41,15.375347097322786
Jardim das Vertentes,30,-23.587467470327802,-46.742179830665904,3.234194298766292,9076.544399999999,29.0,317.5,263219.7876,0.0,0.5333333333333333,48,71,15.21584497918543
Jardim Adhemar de Barros,5,-23.5789465406609,-46.730022816023,4.261452999198918,7714.245,34.0,496.0,262284.33,0.0,0.4,49,125,15.150753095759818
Jardim Ester Yolanda,3,-23.5796993953064,-46.759488729678,4.6163878963059,5516.66115,47.0,426.0,259283.07405,3.0,1.0,50,150,14.941916904330263
Chácara Santo Antônio (Zona Sul),31,-23.6324983757258,-46.7040894784166,3.871938480415121,11419.77375,22.0,352.0,251235.02250000002,0.0,0.5161290322580645,51,99,14.381909873230262
Jardim Umarizal,20,-23.6245156809466,-46.75458148345885,1.8508832051153647,4026.2838,62.0,561.0,249629.5956,3.0,0.6,52,25,14.270199560947647
Jardim Caravelas,8,-23.637733136067197,-46.7165510093541,3.261350597104845,8438.285625,29.0,352.5,244710.28312500002,0.0,0.5,53,73,13.927899371011868
Jardim Casablanca,10,-23.6508819653436,-46.7459038211765,3.9100602034054655,3817.79475,64.0,488.0,244338.864,3.0,0.4,54,102,13.902054938953649
Cidade Monções,28,-23.6105363491277,-46.691781778194,4.784593487585447,12513.27,19.5,244.0,244008.765,0.0,0.6071428571428571,55,155,13.879085682381346
Fazenda Morumbi,14,-23.6089231545676,-46.72364978386764,1.6184108004981361,6396.395774999999,37.5,430.5,239864.84156249996,0.0,0.35714285714285715,56,22,13.590739335824937
Vila Gertrudes,10,-23.62061330416525,-46.69545037585715,4.391264010870639,17479.31955,13.5,235.5,235970.813925,2.0,0.6,57,135,13.319781471955675
Jardim Pirajussara,1,-23.6289558867977,-46.763910201858494,2.958261341202769,3865.2883500000003,61.0,649.0,235782.58935000002,3.0,1.0,58,57,13.306684253980503
Vila Prel,18,-23.646669697103,-46.757607896325794,3.817354993598701,5319.73365,43.0,420.0,228748.54695000002,3.0,0.6666666666666666,59,97,12.81723495354013
Jardim Odete,3,-23.5753099531678,-46.7439465016796,4.604962640855831,6643.10955,34.0,378.0,225865.7247,0.0,0.6666666666666666,60,148,12.616639726312547
Umarizal,4,-23.619579794466652,-46.7549183765124,1.7286548130764772,5155.585050000001,43.5,408.5,224267.94967500004,0.0,0.5,61,24,12.505461853934738
Jardim Maria Duarte,18,-23.619337616409048,-46.75256000351795,1.4830147574004398,5010.603675,44.0,428.0,220466.56170000002,3.0,0.6111111111111112,62,17,12.240950129486476
Jardim Luísa,3,-23.5934986050343,-46.76654938650911,3.9332335351980108,3256.0489500000003,67.0,665.0,218155.27965,3.0,1.0,63,106,12.080124345653712
Jardim Rosa Maria,26,-23.60252255767815,-46.77027920096715,3.6663308022828676,5008.663275000001,43.5,446.5,217876.85246250004,3.0,0.5,64,93,12.060750565344195
Vila Tramontano,4,-23.6159838975734,-46.70454157714265,3.469496484347785,13606.812450000001,16.0,207.5,217708.99920000002,0.0,0.5,65,84,12.049070843040093
Jardim Olympia,8,-23.58945294238795,-46.74833938187194,3.212232491167216,7846.359675000001,27.5,381.0,215774.8910625,0.0,0.625,66,68,11.914489926258101
Jardim Esmeralda,9,-23.5766883465864,-46.7413063229475,4.437425490911638,6491.654399999999,33.0,422.0,214224.59519999998,3.0,0.5555555555555556,67,138,11.80661579325938
Paraisópolis,102,-23.615320935821998,-46.7270093420389,1.276488003149264,2026.545675,105.5,658.0,213800.5687125,1.0,0.47058823529411764,68,13,11.777110786625492
Jardim Bonfiglioli,27,-23.5811348546748,-46.7377409536168,3.9371993678145922,8172.09855,26.0,376.0,212474.5623,0.0,0.5925925925925926,69,107,11.684843371379662
Vila Progredior,26,-23.5887939085092,-46.718278759327305,3.7860589462576124,12794.726175,16.5,281.5,211112.9818875,0.0,0.5769230769230769,70,96,11.590100612878315
Jardim Rizzo,1,-23.5732598551516,-46.7306044035334,4.860802576852781,8690.69355,24.0,405.0,208576.6452,3.0,1.0,71,158,11.413614867302183
Parque Reboucas,27,-23.625594243242,-46.7474439394289,1.4123675994467029,3752.6643,55.0,422.0,206396.5365,3.0,0.4444444444444444,72,16,11.261916509882706
Parque Esmeralda,24,-23.61702671422575,-46.76492030182774,2.712862610403307,4438.3416,46.5,476.0,206382.88439999998,3.0,0.5,73,49,11.260966556724258
Jardim Jussara,29,-23.6024755127647,-46.7570092241786,2.4860647379414678,4350.29595,47.0,407.0,204463.90965,3.0,0.7241379310344828,74,42,11.127438665429455
Vila Tiradentes,5,-23.5778946461398,-46.751687959694095,4.508635255179909,3078.4908,65.0,476.0,200101.902,0.0,0.4,75,143,10.823917379744849
Jardim Catanduva,21,-23.6315560742221,-46.7610693702056,2.8675570343414076,3161.7894,62.0,513.0,196030.94280000002,3.0,0.42857142857142855,76,54,10.540648098831603
Instituto de Previdência,15,-23.5804059409816,-46.7246947715486,4.366133331940928,8861.95695,22.0,333.0,194963.0529,0.0,0.6,77,133,10.46634118755931
Jardim Campo Limpo,39,-23.6220672390683,-46.7730003596714,3.5974674582551422,3187.67295,61.0,509.0,194448.04995000002,3.0,0.7692307692307693,78,89,10.430505771838442
Super Quadra Morumbi,11,-23.61484669976,-46.7479349293472,1.0168760491124376,6695.4195,29.0,365.0,194167.1655,0.0,0.5454545454545454,79,9,10.410961007997228
Chácara Japonesa,3,-23.6387335770825,-46.714139743191,3.497161294539627,6651.9222,29.0,349.0,192905.7438,0.0,0.6666666666666666,80,85,10.32318758646862
Jardim Bronzato,1,-23.6406847289333,-46.744301078519904,2.7684523253024116,3566.9634,54.0,637.0,192616.02360000001,3.0,1.0,81,52,10.303028005227905
Vila Rica,1,-23.6317429371239,-46.7682927005149,3.4986767999372055,3987.5682,48.0,482.0,191403.27360000001,3.0,1.0,82,86,10.218641303335255
Jardim Guarau,3,-23.5940628896363,-46.7668300982719,3.730931348914405,2827.6248,67.0,683.0,189450.8616,0.0,0.3333333333333333,83,95,10.08278675011684
Jardim Santa Efigênia,3,-23.6409516102906,-46.7589865206733,3.4285860098642305,6729.4457999999995,28.0,270.0,188424.48239999998,0.0,0.6666666666666666,84,81,10.011368275097901
Jardim Jamaica,1,-23.6113806744245,-46.7524117439723,1.5413414253589004,4253.73795,44.0,573.0,187164.4698,3.0,1.0,85,19,9.923692902880061
Vila Analia,2,-23.6190985292068,-46.7526140560904,1.4891449137821724,4849.821900000001,38.5,527.0,186718.14315000002,0.0,0.5,86,18,9.892636185534945
Cidade dos Bandeirantes,7,-23.5815162747911,-46.7484684257161,4.0196695675059475,6372.8049,29.0,368.0,184811.3421,0.0,0.5714285714285714,87,111,9.759955375990568
Butantã,5,-23.5856534558692,-46.7225514375932,3.897512099987486,10869.035100000001,17.0,362.0,184773.59670000002,0.0,0.6,88,101,9.757328940354519
Parque Ipê,11,-23.6404500699414,-46.7630288376654,3.684172256681342,3129.7266,59.0,406.0,184653.8694,3.0,0.5454545454545454,89,94,9.748997963670526
Jardim Londrina,20,-23.6160256499799,-46.74013969508445,0.6866283871202872,10532.121599999999,17.5,248.0,184312.12799999997,0.0,0.8,90,3,9.725218594760051
Jardim Maria Luiza,2,-23.584273556884348,-46.7555983238701,3.9844198824394153,4126.861199999999,44.5,465.5,183645.32339999996,3.0,1.0,91,109,9.678820375010845
Jardim Bom Refúgio,9,-23.6279235212561,-46.7758298345731,4.122784971341083,2580.9745500000004,71.0,609.0,183249.19305000003,3.0,0.5555555555555556,92,116,9.651256463441209
Vila Sônia,33,-23.5978032936426,-46.732289150698094,2.2930899540919203,7585.116,24.0,312.0,182042.78399999999,0.0,0.6060606060606061,93,34,9.567310983447024
Jardim Peri Peri,11,-23.5861790265515,-46.7351937267479,3.3790931274053,5824.0759499999995,31.0,333.0,180546.35444999998,0.0,0.6363636363636364,94,78,9.463185026457372
Jardim Guedala,11,-23.5855176867573,-46.7080825330054,4.44335823485856,25722.439049999997,7.0,183.0,180057.07335,2.0,0.8181818181818182,95,139,9.4291394124995
Jardim Santo Antônio,6,-23.64232074194635,-46.731298165674,2.953715908854163,2489.256,72.0,560.0,179226.432,0.0,0.3333333333333333,96,56,9.371340951166037
Jardim Vazani,6,-23.61053276016585,-46.744497241922545,0.8689621470214014,7827.631350000001,22.5,366.0,176121.70537500002,0.0,0.6666666666666666,97,6,9.155304966699292
Vila Polopoli,7,-23.5766016909477,-46.7458269799447,4.517818594230267,6750.3282,26.0,305.0,175508.5332,0.0,0.7142857142857143,98,144,9.11263864838093
Jardim Mirante,4,-23.64655409559865,-46.73449614413106,3.3885448619834864,3044.528025,57.5,484.0,175060.36143750002,3.0,0.5,99,80,9.081453542696503
Jardim Namba,2,-23.58872631883565,-46.720838208447404,3.5552180003900653,12479.46315,14.0,310.0,174712.4841,0.0,0.5,100,87,9.057247217258595
Jardim Samara,1,-23.6307483060148,-46.76467947496111,3.1244843887527907,3005.9914500000004,58.0,576.0,174347.50410000002,3.0,1.0,101,64,9.031850838403283
Vila Inah,6,-23.5913565138912,-46.726288803946005,3.0037805531362447,10884.662250000001,16.0,309.5,174154.59600000002,0.0,0.8333333333333334,102,59,9.018427727022226
Caxingui,8,-23.58204188567375,-46.71787263009661,4.32723619054128,9528.11475,18.0,255.0,171506.06550000003,0.0,0.875,103,130,8.834135206917432
Jardim Cláudia,2,-23.587552951421948,-46.7678777222153,4.402332533656941,3452.8147500000005,49.5,441.5,170914.33012500004,0.0,0.5,104,136,8.792960524015383
Jardim Monte Kemel,38,-23.602338873476448,-46.7379171817725,1.5907350854194435,5377.576050000001,31.5,367.0,169393.64557500003,0.0,0.47368421052631576,105,21,8.687146832987876
Vila Nova das Belezas,7,-23.6431494991723,-46.7487461949783,3.1402220400129344,2632.9264500000004,64.0,508.0,168507.29280000002,3.0,0.42857142857142855,106,65,8.62547180730604
Vila Maracanã,3,-23.6502392521872,-46.7478356824072,3.893763384701533,4295.20245,39.0,309.0,167512.89555,0.0,0.6666666666666666,107,100,8.55627873016844
Jardim das Esmeraldas,29,-23.6000496270085,-46.765924526131,3.3597386624539736,3716.0508000000004,45.0,472.0,167222.28600000002,3.0,0.5517241379310345,108,75,8.536057265346338
Jardim Jaqueline,17,-23.5929116722997,-46.751937736700704,2.991485738424608,2209.3071,75.0,524.0,165698.0325,3.0,0.5882352941176471,109,58,8.429995236310402
Jardim Celeste,12,-23.5983031651999,-46.75250268954291,2.4348003219761187,4104.53505,40.0,436.5,164181.402,3.0,0.5833333333333334,110,39,8.32446363797208
Jardim Monte Azul,10,-23.64680335828,-46.73753270316265,3.3824739449451067,4397.51235,37.0,450.0,162707.95695,3.0,0.8,111,79,8.221937009904012
Jardim Alvorada (Zona Oeste),8,-23.594502026665,-46.756957188836054,3.0901191298968707,4362.53895,36.5,389.5,159232.671675,0.0,0.5,112,61,7.980116467753247
Jardim Brasília,9,-23.6529401600842,-46.744004597036,4.237069211443024,2560.4964,62.0,565.0,158750.7768,3.0,0.6666666666666666,113,123,7.9465848089940465
Jardim Maria Virginia,11,-23.6358658432893,-46.7665927843685,3.613724166911147,2934.5085,54.0,481.0,158463.459,3.0,0.8181818181818182,114,91,7.926592393791365
Vila São Francisco (Zona Sul),4,-23.62948683569845,-46.699624075905355,4.202250158282155,7539.04305,21.0,259.0,158319.90405,0.0,1.0,115,119,7.916603419335902
Jardim Santa Emília,1,-23.6242022759328,-46.7620654508432,2.570987144613243,3742.69665,42.0,494.0,157193.2593,3.0,1.0,116,44,7.83820817327763
Jardim Raposo Tavares,28,-23.60518112632305,-46.7748495833444,3.9712544574212676,3522.4670250000004,44.0,485.0,154988.5491,3.0,0.5357142857142857,117,108,7.684797971334044
Vila Albano,6,-23.58981736931985,-46.752463862976356,3.2336189250709912,2089.4181,72.5,486.5,151482.81225,0.0,0.3333333333333333,118,70,7.440858519282897
Alto da Boa Vista,2,-23.63326377074165,-46.69595075700435,4.705259125204256,10078.2528,15.0,281.0,151173.79200000002,0.0,0.5,119,152,7.419355983957776
Jardim Faria Lima,7,-23.6330460808386,-46.7663533495476,3.3659788921453497,2957.92035,51.0,526.0,150853.93785,0.0,0.42857142857142855,120,76,7.397099594095745
Jardim Ester,13,-23.583129655114,-46.758466939444496,4.229789932907804,4188.03,36.0,453.0,150769.08,3.0,0.5384615384615384,121,121,7.3911949360118845
Jardim São Luís,42,-23.654234822104698,-46.73423122456845,4.224786729863247,2686.6859249999998,55.5,524.0,149111.06883749997,3.0,0.5238095238095238,122,120,7.275825656519348
Jardim Piracuama,14,-23.64415416281965,-46.76130175263665,3.9229840341644513,2724.4024500000005,54.0,477.5,147117.73230000003,0.0,0.35714285714285715,123,104,7.137123453953498
Parque Arariba,18,-23.641591302118798,-46.752169394511895,3.093918148577795,2654.3863499999998,55.0,447.0,145991.24925,3.0,0.5555555555555556,124,62,7.058739459455476
Várzea de Baixo,3,-23.641944619891,-46.721187004712,3.3731237911797214,5768.5089,25.0,316.0,144212.7225,0.0,0.6666666666666666,125,77,6.934984351922719
Jardim Dracena,12,-23.592829495892452,-46.75809091801416,3.251179391897418,3312.903825,43.5,406.0,144111.3163875,3.0,0.5833333333333334,126,72,6.927928217199461
Jardim Nelly,2,-23.58298957040875,-46.75308047600414,4.0083530791408695,2984.6643750000003,48.0,511.5,143263.89,3.0,1.0,127,110,6.868961803727661
Jardim Trussardi,5,-23.5867251475943,-46.7293105416702,3.4668193233527167,7130.95845,20.0,366.0,142619.169,0.0,0.6,128,83,6.824100225635776
Vila Morse,11,-23.5977094712012,-46.727360132346,2.375272120476266,6387.369449999999,22.0,297.0,140522.1279,0.0,0.5454545454545454,129,36,6.678181955454507
Jardim Morro Verde,4,-23.6119106238651,-46.7480650468693,1.1278757796072383,4465.351275,30.5,278.5,136193.2138875,0.0,1.0,130,12,6.376963422127975
Jardim Pinheiros,10,-23.581799620771697,-46.7457973542605,3.926482175967462,7513.534875,18.0,244.0,135243.62775,0.0,0.9,131,105,6.310888433625313
Vila Pirajussara,5,-23.6347479939014,-46.7715080914578,4.056132140312862,3391.773,38.0,499.0,128887.37400000001,3.0,0.8,132,113,5.868601655348432
Jardim Germânia,5,-23.651130692042,-46.7544680400352,4.161264494129143,3295.43445,39.0,473.0,128521.94355000001,0.0,0.4,133,117,5.8431739328609895
Jardim Ana Maria,10,-23.6259773307855,-46.758277218224706,2.2870242675865846,2842.8939,45.0,377.5,127930.2255,3.0,0.6,134,33,5.802000455483252
Jardim Taboão,13,-23.6099888674101,-46.7501049881609,1.3958650579717886,5660.5164,21.0,352.0,118870.8444,0.0,0.7692307692307693,135,15,5.171622148150657
Jardim Martinica,2,-23.62981584618185,-46.76707845628435,3.2890660238701273,4106.47545,28.5,313.5,117034.550325,0.0,0.5,136,74,5.0438474207177455
Vila Butantã,1,-23.5731816993966,-46.741825371259296,4.818987816827787,6156.1962,19.0,312.0,116967.72780000001,0.0,1.0,137,157,5.0391977134434605
Jardim Centenário,2,-23.5770989449149,-46.7491276410924,4.507228237881364,3396.3006,34.0,310.0,115474.2204,0.0,0.5,138,142,4.935275088221225
Jardim Paris,10,-23.639155191251497,-46.769173127939794,4.122651136319451,2928.519825,39.0,416.5,114212.273175,0.0,0.5,139,115,4.847465099121796
Parque Regina,45,-23.6356669802137,-46.75314969770911,2.6891030906502595,2530.47795,45.0,392.0,113871.50775,0.0,0.4444444444444444,140,48,4.8237536414142745
Vila Ernesto,1,-23.6396992853123,-46.74296656040711,2.633834473362293,4130.56875,27.0,426.0,111525.35625000001,3.0,1.0,141,46,4.66050153898138
Conjunto Residencial Butantã,10,-23.576237352826,-46.727473662482,4.611970335632746,5588.87175,19.5,262.0,108982.999125,0.0,0.8,142,149,4.483596873706567
Jardim São Roque,6,-23.6347390063397,-46.74429080431885,2.12653668068719,2287.922175,47.5,438.0,108676.30331250001,0.0,0.3333333333333333,143,31,4.462256079560073
Ferreira,9,-23.5951974631535,-46.741782790019,2.3906168282452054,5398.677900000001,20.0,272.0,107973.55800000002,0.0,0.6666666666666666,144,37,4.413356999624065
Retiro Morumbi,1,-23.6181174276946,-46.7079709487318,3.096880880500746,17793.91845,6.0,197.0,106763.51070000001,2.0,1.0,145,63,4.329158359524205
Vila São Domingos,3,-23.5794382474423,-46.75233010401391,4.3370219470790135,2630.6049,40.0,323.0,105224.196,0.0,0.6666666666666666,146,131,4.22204832801905
Jardim Nadir,8,-23.610495489941698,-46.75696444389135,2.039709465976317,4671.715125000001,22.5,353.5,105113.59031250002,0.0,0.5,147,28,4.214352059885724
Jardim Olinda,23,-23.6305474366392,-46.756461789017294,2.4438767124803724,2549.8242,41.0,331.0,104542.7922,0.0,0.5652173913043478,148,40,4.174634253115634
Jardim São Gilberto,1,-23.5784562285739,-46.7461000159869,4.293175043427896,5410.5051,19.0,247.0,102799.5969,0.0,1.0,149,126,4.053337611498016
Jardim Ingá,7,-23.6317401508743,-46.7462631510866,1.888400390312781,2660.9583000000002,38.0,351.0,101116.41540000001,0.0,0.42857142857142855,150,26,3.9362169060997694
Educandário,1,-23.5902991080345,-46.766264125786094,4.066464863887781,2637.5811,37.0,368.0,97590.50069999999,3.0,1.0,151,114,3.690873420065704
Jardim Panorama,4,-23.6019354340184,-46.69935019081605,4.295062419204708,1835.74545,52.0,352.5,95458.7634,0.0,0.25,152,127,3.5425408865274304
Jardim São Januário,2,-23.649782708383448,-46.76053779660535,4.34817425424689,2541.6756749999995,37.0,479.5,94041.99997499998,3.0,1.0,153,132,3.443958332169248
Jardim Monte Alegre,4,-23.586944712445053,-46.765597337929606,4.306395370971264,5830.145474999999,15.5,149.5,90367.25486249999,0.0,1.0,154,129,3.188258789526487
Vila Alba,1,-23.5780829112512,-46.749938308647295,4.422356630913236,4389.2194500000005,20.0,201.0,87784.38900000001,0.0,1.0,155,137,3.008535407487743
Rolinópolis,3,-23.5831265717342,-46.7301251082467,3.841661991543869,8628.8664,9.0,200.0,77659.7976,0.0,0.6666666666666666,156,98,2.3040366433098947
Vila Indiana,1,-23.5739751012163,-46.728887335786496,4.814154068815638,4902.36285,13.0,237.0,63730.71705000001,0.0,1.0,157,156,1.334810365831804
Vila Nova Pirajussara,1,-23.6263001765799,-46.756611185531,2.1652264186014922,1591.2204000000002,36.0,156.0,57283.934400000006,0.0,1.0,158,32,0.8862243211793561
Jardim Eliza,1,-23.6376606687602,-46.74778375452591,2.553495514935571,3181.9788000000003,14.0,222.0,44547.7032,0.0,1.0,159,43,0.0
