CEP,Bairro,renda_mediana_2025,mediana_criancas_0_18,populacao_mediana,distancia_mediana_km,mediana_0_4,mediana_5_9,mediana_10_14,mediana_15_19,pontos,score_trafego_2025
04719-905,Chácara Santo Antônio (Zona Sul),32647.68,243.0,762.0,0.67,35.0,79.0,66.0,63.0,1,7933386.35
05635-050,Jardim Monte Kemel,24449.5,294.0,872.0,3.78,76.0,95.0,71.0,52.0,1,7188153.59
04660-000,Jardim Marajoara,29669.06,200.0,633.5,4.34,28.0,52.5,66.0,53.5,2,5933812.5
05679-050,Jardim Panorama D'Oeste,35331.8,147.0,529.0,3.73,22.0,40.0,51.0,34.0,1,5193774.09
05709-040,Vila Suzana,36272.95,135.0,438.5,3.17,45.0,38.0,33.0,19.0,2,4896848.01
04747-140,Santo Amaro,38211.82,126.0,367.0,3.09,18.0,30.0,32.0,46.0,1,4814689.78
04583-909,Vila Cordeiro,28934.1,165.0,615.0,2.17,49.0,31.0,48.0,37.0,1,4774126.72
04661-000,Jardim Umuarama,23449.16,203.0,664.0,4.45,35.0,48.0,61.0,59.0,1,4760178.77
04662-902,Santo Amaro,28198.32,159.0,633.5,3.44,19.0,48.5,47.5,44.0,2,4483532.9
04564-900,Cidade Monções,34184.38,128.0,375.0,3.86,34.0,41.0,30.0,23.0,1,4375601.26
04671-906,Vila Sofia,25100.48,173.0,718.0,3.45,20.0,41.0,65.0,47.0,1,4342383.58
05634-001,Jardim Monte Kemel,22594.04,190.0,641.0,3.58,39.0,56.5,51.0,32.5,4,4292867.73
04726-160,Vila Cruzeiro,24868.26,159.0,562.0,0.36,37.0,53.0,42.5,26.0,3,3954053.15
04728-020,Jardim Caravelas,21963.6,173.0,541.0,0.73,42.0,50.0,46.0,35.0,1,3799702.02
05726-140,Vila Andrade,19572.23,193.0,612.0,3.13,44.0,65.0,59.0,25.0,1,3777439.57
04729-060,Jardim Caravelas,19448.42,192.0,644.0,0.77,64.0,82.0,31.0,15.0,1,3734096.89
05707-400,Parque do Morumbi,21891.88,164.0,632.0,1.33,45.0,49.0,39.0,31.0,1,3590268.57
05716-120,Vila Andrade,37394.75,95.0,321.0,2.16,11.0,18.0,30.0,36.0,1,3552501.59
04696-000,Jurubatuba,20299.51,174.0,660.0,4.21,26.0,53.5,53.0,48.0,3,3532114.07
04608-001,Campo Belo,31284.61,112.0,386.5,4.02,23.0,29.0,36.0,24.0,2,3503876.01
04648-070,Vila Nova Caledônia,15493.37,217.0,871.0,4.39,37.0,59.0,57.0,64.0,1,3362060.5
04740-900,Santo Amaro,30037.05,109.0,400.0,2.82,15.0,31.0,38.0,25.0,1,3274037.96
04716-003,Chácara Santo Antônio (Zona Sul),16986.64,191.0,680.0,0.79,52.0,56.0,50.0,33.0,1,3244448.77
04640-054,Jardim Cordeiro,24448.99,131.0,530.0,3.06,19.0,36.0,35.0,41.0,1,3202818.19
04710-090,Santo Amaro,20561.47,155.5,531.0,1.83,43.5,41.0,37.0,34.0,2,3197307.95
04730-000,Várzea de Baixo,18074.72,174.0,705.0,1.17,64.0,53.0,32.0,25.0,1,3145001.64
04619-003,Campo Belo,24164.42,129.0,402.0,4.03,16.0,35.0,45.0,33.0,1,3117210.81
04738-010,Santo Amaro,21846.65,141.0,544.0,2.35,23.0,45.0,36.0,37.0,1,3080377.9
04562-080,Brooklin Paulista,45750.94,66.0,278.0,3.35,13.0,22.0,13.0,18.0,1,3019561.78
05724-005,Vila Andrade,17073.24,174.5,619.5,2.33,49.5,49.0,40.5,35.5,2,2979281.19
05717-250,Vila Andrade,24980.56,119.0,436.0,1.85,37.0,33.0,28.0,21.0,2,2972686.57
05717-180,Vila Andrade,36600.09,81.0,285.0,1.63,11.0,20.0,27.0,23.0,1,2964607.33
05707-001,Jardim Morumbi,27905.93,104.0,360.5,1.5,14.5,18.5,36.0,35.0,4,2902216.92
04709-901,Santo Amaro,25861.42,112.0,505.0,1.85,53.0,26.0,16.0,17.0,1,2896479.06
04640-020,Jardim Cordeiro,25563.11,112.0,470.0,3.49,20.0,40.0,28.0,24.0,1,2863067.96
04696-270,Jurubatuba,15379.11,186.0,654.0,3.47,60.0,61.0,35.0,30.0,1,2860515.16
04757-050,Jardim Dom Bosco,16799.86,170.0,591.0,2.07,56.0,49.0,39.5,25.5,2,2855976.53
04671-901,Vila Sofia,15057.92,189.0,699.0,3.3,18.0,46.0,68.0,57.0,1,2845946.84
04619-002,Campo Belo,33842.9,83.0,282.0,3.93,15.0,28.0,29.0,11.0,3,2808960.5
04580-000,Vila Cordeiro,23425.69,119.0,463.0,3.31,42.0,28.0,32.0,17.0,1,2787656.74
04566-905,Cidade Monções,34482.87,80.0,372.0,3.4,35.0,25.0,15.0,5.0,1,2758629.72
04674-902,Jardim Itapeva,15668.51,173.0,765.0,4.47,31.0,47.0,52.0,43.0,1,2710652.33
05672-015,Cidade Jardim,45074.36,60.0,285.0,4.23,14.0,19.0,17.0,10.0,1,2704461.61
05676-120,Cidade Jardim,41821.41,64.0,266.0,4.17,15.0,17.0,18.0,14.0,1,2676570.02
04710-160,Santo Amaro,29834.82,89.0,302.0,1.87,19.0,37.0,17.0,16.0,1,2655298.67
04708-010,Santo Amaro,17478.78,151.0,678.0,2.09,35.0,42.0,35.0,39.0,1,2639295.28
05705-170,Paraíso do Morumbi,27374.63,96.0,293.0,1.15,26.0,30.0,23.0,17.0,1,2627964.66
05727-230,Vila Andrade,18435.43,142.5,519.0,2.91,32.5,38.5,43.0,28.5,2,2627049.39
04562-030,Brooklin Paulista,42601.42,58.0,184.0,3.2,14.0,17.0,17.0,10.0,1,2470882.61
04610-020,Parque Colonial,32200.09,76.0,324.0,4.08,27.0,27.0,10.0,12.0,1,2447207.21
05716-090,Vila Andrade,21763.97,112.0,579.0,2.06,18.0,20.0,41.0,39.0,3,2437564.11
04645-060,Chácara Monte Alegre,21022.64,114.0,596.0,3.69,25.0,28.0,26.0,35.0,1,2396580.97
05704-150,Jardim Fonte do Morumbi,44262.43,54.0,299.0,0.91,20.0,6.0,14.0,14.0,1,2390171.21
05630-050,Vila Suzana,17109.99,139.0,486.0,3.54,27.0,36.0,39.0,31.0,3,2378287.94
05704-080,Jardim Fonte do Morumbi,36399.56,64.0,259.0,1.06,6.0,15.0,16.0,27.0,1,2329571.8
04609-001,Campo Belo,14948.95,155.5,570.0,3.89,31.0,44.5,48.5,31.5,2,2324561.93
04673-050,Vila Anhangüera,21314.8,108.0,429.0,3.92,12.0,31.0,33.0,32.0,1,2301998.11
04614-001,Campo Belo,27694.89,83.0,348.0,4.57,29.0,17.0,21.0,16.0,1,2298675.89
04622-000,Brooklin Paulista,33249.11,69.0,295.0,3.0,10.0,13.0,25.0,21.0,1,2294188.73
05705-270,Paraíso do Morumbi,18056.87,126.5,431.5,1.33,28.5,39.5,33.5,25.0,2,2284193.52
04569-901,Cidade Monções,30934.0,73.5,441.0,3.86,26.5,21.0,16.0,10.0,2,2273648.66
04602-925,Brooklin Paulista,29192.52,77.5,299.0,2.98,11.5,14.5,22.0,29.5,2,2262419.93
04570-030,Brooklin Paulista,26813.34,84.0,314.0,4.55,36.0,25.0,18.0,5.0,1,2252320.27
05705-901,Jardim Morumbi,35162.68,62.0,275.5,1.87,9.5,13.0,21.0,26.0,4,2180086.25
05704-110,Jardim Fonte do Morumbi,31655.52,68.5,277.0,0.79,15.5,11.5,22.5,19.0,2,2168402.99
05679-040,Jardim Panorama D'Oeste,32791.5,66.0,357.0,3.6,11.0,14.0,22.0,19.0,1,2164239.07
04719-080,Chácara Santo Antônio (Zona Sul),25325.3,85.0,325.0,0.41,28.0,29.0,18.0,10.0,1,2152650.83
05676-900,Cidade Jardim,38837.01,55.0,202.0,4.13,5.0,8.0,23.0,19.0,1,2136035.75
04724-003,Santo Amaro,23662.02,90.0,422.0,1.42,42.0,20.0,17.0,11.0,1,2129582.07
05763-500,Jardim Piracuama,11058.71,192.0,772.0,4.63,39.0,43.0,56.0,54.0,1,2123272.17
04742-000,Santo Amaro,13013.71,163.0,586.0,1.84,46.0,42.0,40.0,35.0,1,2121234.47
04624-000,Vila Congonhas,22908.18,92.5,291.5,4.58,32.0,26.5,26.0,10.5,4,2119006.96
04748-050,Santo Amaro,18077.63,117.0,627.0,3.14,23.0,31.0,24.0,39.0,1,2115083.02
05704-130,Jardim Fonte do Morumbi,33537.0,62.0,267.0,0.75,12.0,11.0,26.0,13.0,1,2079293.74
04671-230,Vila Sofia,14726.75,141.0,552.0,3.53,21.0,43.0,41.0,36.0,1,2076471.28
04757-020,Jardim Dom Bosco,17515.57,115.5,535.0,2.13,52.5,30.5,16.0,16.5,2,2023048.25
05628-000,Jardim Colombo,18656.8,108.0,557.0,4.37,17.0,23.0,24.0,44.0,1,2014933.95
05657-230,Jardim Vitória Régia,19949.83,101.0,540.0,1.38,21.0,28.0,36.0,27.0,3,2014932.82
05615-130,Vila Progredior,19877.97,101.0,570.0,4.57,17.0,22.0,29.0,33.0,1,2007674.55
05630-030,Vila Suzana,15202.99,131.0,481.0,3.29,37.0,29.0,42.0,23.0,1,1991591.4
04567-002,Cidade Monções,22250.36,88.5,369.5,3.28,27.5,30.0,19.0,12.0,2,1969157.27
05684-010,Real Parque,21127.65,93.0,549.0,3.3,15.0,29.0,28.0,21.0,1,1964871.7
05685-900,Real Parque,19610.02,100.0,417.0,3.21,16.0,17.0,34.0,33.0,1,1961001.74
04560-021,Brooklin Paulista,23866.27,82.0,501.0,4.21,18.0,28.0,21.0,15.0,1,1957034.4
04747-901,Santo Amaro,17006.35,114.0,455.0,2.97,17.0,25.0,37.0,35.0,1,1938723.56
04603-002,Santo Amaro,23306.7,83.0,359.0,3.84,20.0,20.0,21.0,22.0,1,1934456.0
04647-030,Chácara Monte Alegre,15804.75,122.0,624.0,4.01,28.0,24.0,37.0,33.0,1,1928180.03
04571-900,Cidade Monções,27113.11,71.0,372.0,4.54,25.0,16.0,17.5,12.5,2,1925030.47
05842-070,Vila das Belezas,8078.4,237.0,894.0,3.82,65.0,61.0,50.0,47.0,3,1914581.97
05727-190,Vila Andrade,16798.83,113.5,414.0,2.84,15.5,58.0,36.0,33.0,2,1906667.0
05712-070,Jardim Parque Morumbi,10449.91,182.0,733.0,2.31,53.0,53.0,39.0,36.0,3,1901883.38
04904-000,Jardim Tupã,19796.99,96.0,471.0,4.71,14.0,26.0,21.0,35.0,1,1900510.92
05726-130,Vila Andrade,11951.8,159.0,600.0,3.06,46.0,43.0,40.0,23.0,5,1900336.42
04686-001,Vila Isa,12837.52,146.5,524.5,4.04,23.0,39.5,46.5,31.5,4,1880697.37
05805-040,Jardim São Luís,11485.11,162.0,558.0,3.5,28.0,38.0,50.0,46.0,1,1860588.16
04754-010,Santo Amaro,13463.1,138.0,535.0,2.08,45.5,35.0,32.0,25.5,2,1857908.02
04641-080,Jardim dos Estados,17193.35,108.0,504.0,2.71,15.0,23.0,42.0,28.0,1,1856882.13
04675-085,Jardim Taquaral,16308.37,113.5,478.5,4.01,20.0,28.5,34.0,31.0,2,1850999.88
05715-040,Vila Andrade,20764.61,88.5,429.5,2.02,18.0,24.5,21.5,24.5,2,1837668.26
05704-140,Jardim Fonte do Morumbi,25344.6,72.0,321.5,0.88,23.0,19.0,15.0,17.0,4,1824811.48
04747-110,Santo Amaro,24233.84,75.0,281.5,2.96,13.0,22.0,23.5,16.5,2,1817538.03
05727-160,Vila Andrade,17974.13,101.0,381.0,2.61,21.0,37.0,25.0,18.0,1,1815387.44
04727-002,Vila Cruzeiro,17706.77,102.0,437.0,0.87,47.0,30.0,17.0,8.0,1,1806090.92
05630-100,Vila Suzana,16870.36,107.0,529.0,3.45,22.0,29.0,33.0,23.0,1,1805128.24
04707-000,Jardim das Acácias,18995.53,93.5,394.5,2.26,35.0,24.5,16.5,17.5,2,1776082.45
04739-010,Santo Amaro,19038.87,92.0,514.0,2.29,13.0,26.0,31.0,22.0,1,1751576.03
04563-908,Cidade Monções,21503.02,81.0,317.0,3.37,23.0,25.0,13.0,20.0,1,1741744.31
04564-000,Cidade Monções,27438.0,63.0,219.0,3.87,8.0,15.0,27.0,14.0,3,1728593.7
04675-901,Jardim Anhangüera,9896.99,174.0,707.0,4.45,35.0,52.0,46.0,41.0,1,1722075.76
04710-130,Santo Amaro,18047.71,94.0,433.0,1.98,26.0,27.0,19.0,22.0,1,1696484.42
05731-370,Vila Plana,4484.89,377.0,1691.0,2.75,111.0,95.0,97.0,74.0,1,1690802.81
04623-000,Brooklin Paulista,21080.24,80.0,393.0,3.66,14.0,10.0,25.0,31.0,1,1686419.2
05727-180,Vila Andrade,15878.33,105.0,383.0,2.89,21.0,28.0,36.0,20.0,1,1667224.42
04765-000,Socorro,7094.07,234.0,1259.5,4.47,63.5,63.0,57.0,50.5,2,1660013.2
04560-000,Brooklin Paulista,19845.82,83.0,311.0,3.45,31.0,30.0,12.0,10.0,1,1647203.24
05654-010,Jardim Viana,18002.92,90.0,490.0,3.2,22.0,20.0,21.0,27.0,1,1620262.41
05706-290,Paraíso do Morumbi,25705.64,63.0,296.0,1.26,12.5,16.5,25.0,18.0,6,1619455.29
05704-070,Jardim Fonte do Morumbi,31918.97,50.0,236.0,1.02,8.0,12.0,14.0,16.0,1,1595948.39
05630-070,Vila Suzana,18732.19,85.0,456.0,3.59,12.0,20.0,24.0,29.0,1,1592236.51
05717-210,Vila Andrade,20488.5,77.0,289.0,1.72,14.0,18.0,14.0,17.0,3,1577614.41
04674-905,Jardim Itapeva,10582.57,148.0,689.0,4.33,22.0,34.0,51.0,41.0,1,1566220.66
04671-071,Vila Sofia,14361.39,109.0,593.0,3.6,19.0,29.0,31.0,30.0,1,1565391.02
05688-025,Vila Morumbi,21145.94,74.0,366.0,2.95,13.0,9.0,24.0,28.0,1,1564799.29
05727-250,Vila Andrade,18365.67,85.0,498.0,2.86,20.0,29.0,21.0,15.0,3,1561081.66
04734-000,Santo Amaro,14709.56,106.0,501.0,2.0,29.0,29.0,33.0,15.0,1,1559213.39
05847-500,Jardim Iracema,14121.24,109.0,486.5,4.21,30.5,27.0,26.5,25.0,2,1539215.56
04662-002,Santo Amaro,24691.75,62.0,307.0,3.27,18.5,19.0,15.0,15.0,3,1530888.61
05658-010,Jardim Leonor,23722.23,64.0,353.0,3.42,10.0,17.0,17.0,20.0,1,1518222.92
04602-922,Brooklin Paulista,26488.69,57.0,301.0,2.95,7.0,15.0,15.0,20.0,1,1509855.28
05641-900,Vila Suzana,14729.46,102.0,499.0,3.19,25.0,28.0,21.0,28.0,1,1502405.01
04716-010,Chácara Santo Antônio (Zona Sul),19477.78,77.0,518.0,1.01,11.0,16.0,20.0,30.0,1,1499789.17
05713-420,Jardim Ampliação,15089.29,99.0,466.0,1.97,24.0,24.0,23.0,15.0,3,1493839.67
04750-001,Santo Amaro,13677.62,109.0,404.0,1.76,28.0,29.0,28.5,23.5,2,1490860.55
04747-050,Santo Amaro,15957.83,93.0,385.0,2.88,15.0,27.0,30.0,21.0,1,1484077.86
04555-020,Brooklin Paulista,46357.3,32.0,216.0,3.21,11.0,8.0,5.0,8.0,1,1483433.58
04645-070,Chácara Monte Alegre,22457.1,66.0,452.0,3.89,14.0,11.0,14.0,27.0,1,1482168.86
05614-040,Jardim Leonor,28825.85,51.0,268.0,4.41,10.0,14.0,17.0,10.0,1,1470118.59
04738-000,Santo Amaro,15960.32,92.0,419.0,1.84,21.5,27.5,24.0,19.0,2,1468349.03
04608-010,Campo Belo,18466.56,79.0,330.0,3.97,13.5,18.5,17.0,30.0,2,1458857.91
04708-001,Santo Amaro,38180.27,38.0,286.0,1.88,8.0,12.0,9.0,9.0,1,1450850.22
04689-070,Vila Isa,11606.01,125.0,518.0,4.56,45.0,32.0,33.0,15.0,1,1450750.74
04704-902,Jardim das Acácias,18325.66,78.5,406.0,2.99,18.0,24.5,19.5,16.5,2,1438564.56
04568-002,Brooklin Paulista,13424.08,107.0,509.0,4.11,18.0,35.0,22.0,32.0,1,1436376.55
05683-050,Paineiras do Morumbi,30480.31,47.0,266.0,3.62,5.0,12.0,8.0,22.0,1,1432574.64
04610-000,Parque Colonial,20084.91,71.0,324.0,3.46,9.0,17.0,22.0,23.0,1,1426028.41
05726-100,Vila Andrade,15216.25,93.0,531.0,3.14,37.0,36.5,19.0,22.5,3,1415110.99
05658-000,Jardim Leonor,27420.03,51.0,233.0,3.7,10.0,12.0,14.0,15.0,1,1398421.78
05688-901,Vila Morumbi,22881.29,61.0,523.0,2.7,9.0,12.0,20.0,20.0,1,1395758.64
05709-010,Vila Suzana,18473.05,75.5,357.5,3.46,14.5,19.0,21.0,18.5,4,1394715.48
04664-000,Jardim Marajoara,16777.7,83.0,429.0,3.49,11.0,15.0,22.0,35.0,1,1392549.37
04715-003,Chácara Santo Antônio (Zona Sul),15744.54,88.0,502.0,1.31,20.0,27.0,20.0,21.0,1,1385519.89
04624-080,Vila Congonhas,17946.84,76.5,358.5,4.54,12.5,20.0,18.0,26.0,2,1372933.29
04617-000,Campo Belo,21051.16,65.0,424.0,4.08,14.0,10.0,22.0,19.0,1,1368325.21
05641-030,Vila Suzana,21049.4,65.0,342.0,3.04,16.0,13.0,19.0,13.0,7,1368211.09
04735-900,Santo Amaro,16267.55,84.0,493.0,1.87,12.0,28.0,24.0,20.0,1,1366474.31
05687-002,Real Parque,21828.6,62.0,322.0,2.46,10.0,19.0,16.0,17.0,1,1353373.14
04728-190,Chácara Japonesa,11597.89,116.5,434.5,0.61,27.0,41.5,30.5,17.5,2,1351154.43
04560-914,Brooklin Paulista,15822.33,85.0,487.0,3.86,29.0,19.0,19.0,18.0,1,1344898.34
04742-001,Santo Amaro,13369.03,100.5,474.0,2.83,17.0,25.5,29.5,28.5,2,1343587.78
04736-001,Santo Amaro,16089.43,83.5,373.0,2.09,16.5,20.5,25.0,21.5,2,1343467.17
04638-010,Jardim Petrópolis,13128.35,102.0,581.0,2.81,22.0,19.0,26.0,35.0,1,1339092.08
05749-350,Jardim das Palmas,8795.29,152.0,679.0,3.53,41.0,39.0,36.0,36.0,1,1336884.13
05653-000,Jardim Leonor,21158.75,63.0,331.0,3.43,10.0,20.0,18.0,15.0,1,1333000.95
04635-080,Vila Alexandria,18101.74,73.0,336.5,4.47,20.5,25.5,16.5,10.5,2,1321427.26
04559-012,Brooklin Paulista,15920.76,83.0,465.0,4.31,22.0,16.0,21.0,24.0,1,1321423.29
05685-090,Real Parque,30565.94,43.0,269.0,3.15,3.0,9.0,14.0,17.0,1,1314335.55
05687-010,Real Parque,15533.21,84.0,513.0,2.63,14.0,21.0,26.0,27.0,3,1304789.96
04642-050,Jardim dos Estados,14926.94,87.0,400.0,2.83,10.0,20.0,27.0,30.0,1,1298644.02
04618-032,Campo Belo,18895.34,68.5,301.0,3.97,19.5,16.0,16.5,18.0,4,1294331.05
05640-020,Parque Bairro Morumbi,14839.84,87.0,446.0,3.34,21.0,19.0,20.0,22.0,3,1291066.45
04637-000,Jardim Petrópolis,12761.05,101.0,438.0,3.17,14.0,34.0,31.0,22.0,1,1288866.27
04561-004,Brooklin Paulista,24259.68,53.0,225.0,3.91,29.0,12.0,13.0,5.0,3,1285762.92
05691-010,Vila Tramontano,17560.22,73.0,350.0,2.03,23.0,16.0,15.0,19.0,1,1281895.75
04639-040,Jardim Petrópolis,18048.21,71.0,403.0,3.11,16.0,15.0,23.0,17.0,1,1281423.25
05685-010,Real Parque,20002.97,64.0,372.0,2.92,13.0,18.0,14.0,19.0,1,1280190.17
05750-260,Vila Praia,10621.5,119.5,538.0,3.52,38.5,30.5,30.0,25.0,4,1269269.4
05641-010,Vila Suzana,21478.15,59.0,292.0,2.82,8.0,13.0,14.0,10.0,5,1267210.79
04705-010,Vila Gertrudes,24627.82,51.0,238.0,2.39,23.0,10.0,10.0,8.0,1,1256018.94
04618-031,Campo Belo,27260.16,46.0,287.0,3.91,9.0,10.5,14.0,12.5,2,1253967.35
05622-001,Vila Sônia,17490.25,71.5,356.5,4.12,17.5,17.5,19.5,17.0,2,1250552.99
04566-000,Cidade Monções,17093.82,72.0,308.0,3.51,22.0,20.0,10.0,7.5,5,1230754.69
04564-001,Cidade Monções,17242.26,71.0,382.0,3.73,14.0,15.0,22.0,20.0,1,1224200.16
05717-230,Vila Andrade,21088.42,58.0,279.0,1.67,12.5,12.0,21.0,14.5,4,1223128.54
04724-903,Santo Amaro,14681.59,83.0,439.0,1.22,19.0,16.0,23.0,25.0,1,1218571.65
05657-110,Jardim Vitória Régia,20607.18,59.0,238.0,1.62,12.0,19.0,13.0,15.0,1,1215823.33
04560-020,Brooklin Paulista,18406.18,66.0,351.0,4.25,14.0,16.0,22.0,14.0,1,1214808.14
04610-010,Parque Colonial,16594.6,73.0,381.0,4.06,23.0,24.0,15.0,11.0,1,1211405.88
04555-030,Brooklin Paulista,22385.81,54.0,343.0,3.35,7.0,18.0,17.0,12.0,1,1208833.51
04558-000,Brooklin Paulista,12989.05,93.0,450.0,4.49,25.0,20.0,29.0,19.0,1,1207981.57
04564-040,Cidade Monções,17893.94,67.0,332.0,3.65,21.0,15.0,11.0,20.0,1,1198894.08
05728-040,Vila Andrade,16395.07,73.0,382.0,2.66,29.5,20.0,13.5,10.0,2,1196840.46
05642-000,Vila Suzana,18693.4,64.0,281.0,2.71,13.0,7.0,24.0,20.0,1,1196377.46
04562-040,Brooklin Paulista,15119.03,79.0,472.0,3.89,21.0,22.0,25.0,11.0,1,1194403.44
04617-010,Campo Belo,19209.9,62.0,519.0,4.02,16.0,10.0,16.0,20.0,1,1191013.94
04648-007,Vila Nova Caledônia,9743.59,122.0,715.0,4.33,27.0,41.0,28.0,26.0,1,1188718.17
05658-060,Jardim Leonor,19028.64,62.0,351.0,3.63,9.0,20.0,17.0,16.0,1,1179775.47
05622-010,Vila Sônia,17585.7,67.0,312.0,3.97,11.0,17.0,19.0,13.0,3,1178241.57
04642-000,Jardim dos Estados,20259.88,58.0,281.0,3.27,5.0,8.0,18.0,27.0,1,1175072.93
04601-000,Brooklin Paulista,17583.51,66.0,270.0,3.12,13.0,16.0,19.0,18.0,5,1160511.8
04578-910,Brooklin Paulista,22721.11,51.0,278.0,3.11,15.0,18.0,6.0,12.0,1,1158776.8
04562-904,Brooklin Paulista,19305.36,60.0,318.0,3.95,18.0,14.0,15.0,13.0,1,1158321.78
04741-140,Jardim Santo Amaro,16485.65,70.0,465.0,2.66,12.0,10.0,25.0,23.0,1,1153995.5
04663-060,Jardim Marajoara,17109.38,67.0,380.0,3.91,11.0,20.0,20.0,16.0,1,1146328.77
05639-110,Lar São Paulo,11813.43,97.0,415.0,4.05,20.0,26.0,28.0,23.0,1,1145902.94
04638-110,Jardim Petrópolis,11345.52,101.0,404.0,3.19,21.0,27.0,29.0,24.0,1,1145897.4
05662-060,Paraisópolis,8707.98,131.5,430.5,3.09,42.0,34.0,52.0,29.5,2,1145099.88
05717-170,Vila Andrade,18968.18,60.0,325.0,1.84,14.0,11.0,21.0,17.0,3,1138091.03
04576-020,Cidade Monções,21333.45,53.0,325.0,3.22,27.0,12.0,8.0,6.0,1,1130672.88
04560-011,Brooklin Novo,22584.21,50.0,343.0,4.12,12.0,8.0,14.0,16.0,1,1129210.58
05621-025,Jardim Leonor,16832.85,67.0,319.0,4.07,18.0,18.0,15.0,16.0,1,1127801.25
04710-041,Santo Amaro,13564.72,83.0,551.0,2.02,23.0,24.0,21.0,15.0,1,1125872.11
05685-040,Real Parque,8889.05,126.5,464.0,3.06,26.5,21.5,35.5,43.0,2,1124464.51
04738-900,Santo Amaro,18412.34,61.0,370.0,1.54,19.0,8.0,13.0,21.0,1,1123152.75
04563-020,Cidade Monções,19207.47,58.0,407.0,3.98,21.0,12.0,14.0,11.0,1,1114032.98
05685-901,Real Parque,24367.55,45.5,225.5,3.09,7.5,7.0,11.5,19.5,2,1108723.48
05835-003,Vila das Belezas,5853.14,189.0,937.0,3.58,34.0,46.0,55.0,54.0,1,1106242.66
05684-060,Real Parque,17260.19,64.0,528.0,2.76,15.0,17.0,21.0,11.0,1,1104652.35
04721-020,Granja Julieta,19695.05,56.0,294.0,1.29,11.0,13.0,12.0,20.0,1,1102922.71
04704-030,Jardim das Acácias,39163.3,28.0,319.0,2.69,5.0,10.0,7.0,6.0,1,1096572.43
05613-050,Morumbi,21489.04,51.0,264.0,4.57,5.0,18.0,12.0,16.0,1,1095941.07
04746-090,Santo Amaro,13663.93,80.0,426.0,3.06,29.0,16.0,19.0,16.0,1,1093114.18
04734-001,Santo Amaro,12960.71,84.0,419.0,1.89,16.5,21.5,26.0,20.0,2,1088699.26
04703-002,Santo Amaro,20095.65,54.0,257.0,2.84,15.0,17.0,13.0,9.0,1,1085165.03
05630-902,Vila Suzana,18390.22,59.0,353.0,3.18,15.0,11.0,14.0,19.0,1,1085023.09
05763-907,Chácara Nossa Senhora do Bom Conselho,6389.74,169.0,721.0,4.6,25.0,37.0,50.0,57.0,1,1079865.59
05614-070,Jardim Leonor,22488.2,48.0,287.0,4.15,6.0,15.0,15.0,12.0,1,1079433.43
04740-020,Santo Amaro,17116.15,63.0,384.0,2.56,8.0,9.0,19.0,27.0,1,1078317.63
04747-090,Santo Amaro,11902.09,90.0,385.0,3.05,18.5,20.5,28.0,23.0,2,1071188.12
04725-000,Vila Elvira,11151.52,96.0,568.0,1.37,28.0,32.0,17.0,19.0,1,1070546.4
04618-003,Campo Belo,18256.24,58.5,304.0,4.2,13.0,16.5,13.0,16.0,2,1067989.81
05688-050,Vila Morumbi,24831.62,43.0,219.0,2.39,4.0,15.0,18.0,6.0,1,1067759.75
04562-000,Brooklin Paulista,20903.71,51.0,318.0,3.95,15.5,14.0,9.5,13.5,5,1066089.2
05623-010,Vila Morse,18373.5,58.0,313.0,4.2,9.0,11.5,14.5,23.0,2,1065662.85
05684-000,Real Parque,22659.84,47.0,279.0,3.17,5.0,9.0,18.0,15.0,2,1065012.26
05835-002,Vila das Belezas,7152.41,148.5,585.0,3.8,31.0,42.0,34.5,41.0,2,1062132.41
04581-050,Vila Cordeiro,27207.47,39.0,278.0,3.18,10.0,6.0,14.0,9.0,1,1061091.28
05726-110,Vila Andrade,12584.42,83.0,432.0,3.12,24.0,23.0,18.0,18.0,1,1044506.69
05763-906,Chácara Nossa Senhora do Bom Conselho,7145.82,146.0,681.0,4.49,30.0,36.0,43.0,37.0,1,1043290.2
05639-090,Lar São Paulo,15111.41,69.0,362.0,3.58,22.0,23.0,12.0,12.0,1,1042687.14
05687-001,Real Parque,23683.63,44.0,315.0,2.54,9.0,12.0,9.0,14.0,1,1042079.85
05717-190,Vila Andrade,20588.33,50.5,304.0,2.04,14.5,11.5,10.5,14.0,2,1039710.73
05713-430,Jardim Ampliação,47180.82,22.0,179.5,2.17,4.5,8.0,12.0,7.5,2,1037978.04
05716-080,Vila Andrade,18278.15,56.5,307.0,2.22,12.0,11.0,23.0,10.5,2,1032715.6
04764-090,Socorro,9154.17,112.0,583.0,4.46,37.0,26.0,25.0,24.0,1,1025267.26
05713-570,Jardim Ampliação,16523.29,62.0,288.0,1.92,14.5,16.0,16.5,15.0,2,1024443.71
04717-000,Chácara Santo Antônio (Zona Sul),12023.82,85.0,571.0,1.69,20.0,12.0,17.0,36.0,1,1022024.33
05685-060,Real Parque,11702.52,87.0,493.0,2.93,11.0,28.0,30.0,18.0,1,1018119.04
05628-010,Jardim Colombo,10255.48,99.0,469.0,4.19,16.0,26.0,26.0,22.0,3,1015292.12
04753-100,Jardim Promissão,9314.39,109.0,724.0,2.63,18.0,33.0,29.0,29.0,1,1015268.9
04601-041,Campo Belo,18073.26,56.0,366.0,4.18,8.0,17.0,18.0,13.0,1,1012102.29
04363-001,Vila Mascote,19790.19,51.0,236.0,4.52,13.5,13.0,16.0,14.0,5,1009299.48
05711-001,Jardim Caboré,12730.75,79.0,367.0,3.81,24.0,28.0,16.5,18.5,6,1005729.31
04902-000,Parque Alves de Lima,9952.03,101.0,451.0,4.35,16.5,23.0,31.5,30.0,2,1005154.89
04611-002,Campo Belo,17589.38,57.0,400.0,4.35,14.0,12.0,14.0,17.0,1,1002594.63
04562-906,Brooklin Paulista,26940.89,37.0,234.0,3.89,8.0,8.0,16.0,5.0,1,996813.11
04721-050,Granja Julieta,15250.94,65.0,362.0,1.59,19.0,13.0,14.0,19.0,1,991311.32
04717-004,Chácara Santo Antônio (Zona Sul),15226.65,65.0,439.0,0.83,16.0,16.0,18.0,15.0,1,989732.49
04674-070,Jardim Itapeva,19345.44,51.0,206.0,4.51,5.0,10.0,18.0,18.0,1,986617.52
04381-000,Jardim Prudência,14920.39,66.0,479.0,4.69,21.0,14.0,13.0,18.0,1,984746.0
05750-110,Super Quadra Morumbi,7163.29,137.0,680.0,3.94,41.0,38.0,26.0,32.0,1,981370.31
04716-090,Chácara Santo Antônio (Zona Sul),19220.76,51.0,291.0,0.63,9.0,11.0,19.0,12.0,1,980258.72
04618-030,Campo Belo,22494.9,43.5,209.5,3.77,13.0,12.0,29.0,10.5,2,978527.95
04621-003,Brooklin Paulista,12937.21,75.5,381.0,3.53,17.5,17.0,19.0,22.0,2,976759.56
04663-901,Jardim Marajoara,10948.83,89.0,447.0,4.16,12.0,17.0,32.0,28.0,1,974446.23
05717-270,Vila Andrade,15458.43,63.0,357.0,2.29,14.0,16.0,13.0,19.0,5,973880.94
04565-902,Cidade Monções,26296.14,37.0,173.0,3.46,13.0,11.0,4.0,9.0,1,972957.15
04739-050,Santo Amaro,12790.18,76.0,488.0,1.78,27.0,26.0,14.0,9.0,1,972053.78
05684-030,Real Parque,17354.91,56.0,324.0,2.82,7.0,29.0,13.5,6.5,2,971874.89
05625-900,Vila Sônia,10793.75,90.0,486.0,4.15,15.0,20.0,22.0,33.0,1,971437.7
04664-020,Jardim Marajoara,14651.95,66.0,257.0,4.13,12.0,16.0,17.0,17.0,3,967028.62
04717-001,Chácara Santo Antônio (Zona Sul),12849.42,75.0,324.0,1.38,13.5,16.5,19.0,26.0,2,963706.59
05661-070,Paraisópolis,1951.44,491.5,1406.0,2.73,116.5,128.5,130.0,116.5,2,959130.81
04710-110,Santo Amaro,16800.72,57.0,269.0,1.99,16.0,18.0,17.0,6.0,1,957641.18
05705-150,Paraíso do Morumbi,21222.4,45.0,340.0,1.15,7.0,11.0,15.0,12.0,1,955007.88
05625-001,Vila Sônia,10961.32,87.0,429.0,3.98,24.0,22.0,21.0,20.0,1,953634.81
05638-030,Jardim Londrina,13910.43,68.5,319.0,3.68,17.0,22.0,18.5,11.0,2,952864.27
05713-410,Jardim Ampliação,17614.22,54.0,393.0,1.82,11.0,12.0,12.0,19.0,1,951168.07
05605-000,Jardim Guedala,27142.6,35.0,164.0,4.82,,6.0,6.0,23.0,1,949991.14
04610-003,Parque Colonial,16653.57,57.0,322.0,4.47,16.0,15.5,13.5,12.0,2,949253.47
04739-060,Santo Amaro,12285.07,77.0,404.0,2.53,21.0,25.0,14.0,17.0,1,945950.01
05729-120,Vila Andrade,10743.24,88.0,541.0,2.49,27.0,26.0,14.0,21.0,1,945405.48
05674-020,Cidade Jardim,24849.93,38.0,198.0,4.76,7.0,9.0,11.0,11.0,1,944297.3
05707-000,Parque do Morumbi,21933.32,43.0,188.0,1.77,9.5,12.0,7.0,14.0,5,943132.89
04650-000,Jardim Umuarama,11084.4,85.0,414.0,4.3,29.0,27.0,17.0,12.0,1,942173.69
04646-020,Chácara Monte Alegre,12167.38,77.0,488.0,3.8,13.0,19.0,22.0,23.0,1,936888.43
04561-000,Brooklin Paulista,20748.52,45.0,370.0,4.06,11.0,10.0,11.5,6.0,3,933683.58
04739-001,Santo Amaro,18939.45,49.0,341.0,2.5,7.0,9.0,17.0,16.0,1,928032.93
04623-050,Brooklin Paulista,13240.1,70.0,434.0,3.84,7.0,18.0,26.0,19.0,1,926807.0
05630-090,Vila Suzana,14947.16,62.0,316.5,3.42,10.0,13.5,17.0,21.5,2,926723.63
05745-250,Residencial Morumbi,19271.61,48.0,250.0,4.65,5.0,9.0,11.0,23.0,1,925037.47
05715-030,Vila Andrade,19209.9,48.0,273.0,1.89,7.0,13.5,15.5,12.0,2,922075.31
04619-030,Campo Belo,15757.69,58.0,306.0,3.86,13.0,15.0,17.0,13.0,1,913945.91
04675-010,Jardim Taquaral,7363.24,124.0,527.0,4.29,23.0,30.0,36.0,26.0,3,913041.82
05844-040,Jardim São Luís,5496.03,166.0,634.0,3.89,29.0,33.0,48.0,56.0,1,912341.45
04746-110,Santo Amaro,10242.64,89.0,469.5,3.1,25.5,20.5,23.5,19.5,2,911594.8
04674-904,Jardim Itapeva,9782.88,93.0,586.0,4.25,15.0,21.0,30.0,27.0,1,909808.27
05625-100,Jardim Colombo,10087.77,90.0,445.0,3.94,26.0,17.0,24.0,23.0,1,907899.3
04362-030,Vila Mascote,14480.58,62.5,347.5,4.57,12.0,15.5,20.5,14.5,2,905035.98
05688-021,Vila Morumbi,24450.79,37.0,245.0,2.49,4.5,11.0,8.0,13.5,2,904679.22
04689-160,Vila Isa,10614.68,85.0,362.0,4.61,21.0,25.0,26.0,13.0,1,902247.88
04725-010,Vila Elvira,14209.09,63.0,345.0,1.28,15.0,18.0,15.0,15.0,1,895172.49
04618-035,Campo Belo,18079.67,49.5,350.5,4.31,15.0,11.0,10.5,13.0,2,894943.44
04671-902,Vila Sofia,8568.97,104.0,528.0,3.66,19.0,26.0,30.0,29.0,1,891172.68
04704-000,Jardim das Acácias,17751.95,50.0,327.0,2.8,26.0,13.0,7.0,4.0,1,887597.29
04671-300,Parque Residencial Julia,11499.73,77.0,371.0,3.77,13.0,24.5,20.5,20.5,4,885479.55
04602-906,Brooklin Paulista,14513.05,61.0,310.0,3.13,9.0,11.0,22.0,19.0,1,885295.96
05684-011,Real Parque,25985.72,34.0,414.0,3.34,13.5,11.0,29.5,22.0,3,883514.52
04570-900,Brooklin Paulista,20047.37,44.0,299.0,3.55,10.0,13.0,12.0,9.0,1,882084.26
05678-020,Cidade Jardim,30305.03,29.0,200.0,4.51,8.0,6.0,4.0,11.0,1,878845.83
04648-140,Jardim Prudência,9238.2,95.0,477.0,4.69,22.0,19.0,33.0,21.0,1,877628.83
04582-000,Vila Cordeiro,14779.21,59.0,408.0,2.96,22.0,16.5,10.5,10.0,2,871973.54
04615-002,Campo Belo,17029.39,51.0,296.0,4.54,11.0,10.0,12.0,18.0,1,868498.85
05716-110,Vila Andrade,16619.6,52.0,560.0,2.22,6.0,19.0,10.0,17.0,1,864218.96
04578-000,Brooklin Paulista,21829.95,39.5,270.0,3.66,22.0,10.0,10.0,8.0,4,862283.04
05620-010,Vila Inah,15127.22,57.0,425.0,4.56,8.0,13.0,16.0,20.0,1,862251.53
04736-002,Santo Amaro,10870.24,79.0,393.0,2.07,16.0,19.5,21.5,22.0,2,858748.67
05734-110,Vila Andrade,6801.11,126.0,557.5,3.4,32.0,34.5,28.5,31.0,2,856939.58
04583-001,Vila Cordeiro,16799.21,51.0,398.0,2.6,21.0,10.0,15.0,5.0,1,856759.68
04905-020,Jardim das Flores,3975.21,215.0,727.0,4.43,38.0,52.0,58.0,67.0,1,854670.09
04726-000,Vila Cruzeiro,7145.8,119.0,615.0,0.91,25.0,34.0,36.0,24.0,1,850350.22
04364-000,Jardim Prudência,13046.06,65.0,320.0,4.55,32.0,15.0,14.0,13.0,3,847993.9
05717-200,Vila Andrade,12447.97,68.0,424.5,2.27,13.0,22.0,13.0,20.0,2,846461.71
04561-910,Brooklin Paulista,17264.79,49.0,421.0,4.08,8.0,10.0,16.0,15.0,1,845974.7
04726-001,Vila Cruzeiro,13356.44,63.0,449.0,0.57,16.0,16.0,16.0,12.0,3,841455.92
04611-000,Brooklin Paulista,14704.04,57.0,280.0,3.84,8.0,14.0,16.0,19.0,1,838130.24
05641-070,Vila Suzana,22632.33,37.0,192.0,3.0,7.0,8.0,8.0,14.0,1,837396.17
04558-004,Brooklin Paulista,10211.12,82.0,348.0,4.46,18.0,16.0,24.0,24.0,1,837312.17
04566-062,Cidade Monções,14041.0,59.5,315.5,3.51,22.0,17.0,10.5,10.0,2,835439.5
05734-080,Vila Andrade,9578.44,87.0,390.0,3.48,30.0,19.0,20.0,7.0,5,833324.11
05756-420,Jardim Umarizal,3747.61,222.0,769.5,3.77,67.5,49.0,54.5,51.0,2,831968.4
04560-030,Brooklin Paulista,16634.07,50.0,374.0,4.28,12.0,8.0,15.0,15.0,1,831703.37
05727-240,Vila Andrade,12706.02,65.0,237.0,2.75,18.0,16.0,14.5,13.0,5,825891.07
05757-900,Jardim Ana Maria,2848.77,289.0,1050.0,4.14,59.0,69.0,75.0,86.0,1,823295.35
04722-000,Granja Julieta,13477.83,61.0,310.5,1.47,9.5,15.0,17.0,19.5,2,822147.85
05741-240,Jardim Taboão,10607.16,77.5,413.0,4.43,25.0,22.0,17.5,13.0,2,822054.6
05688-090,Vila Morumbi,17305.39,47.5,341.5,2.32,8.5,13.5,13.5,12.0,2,822005.93
05836-220,Jardim Monte Azul,7065.74,116.0,601.0,2.67,18.0,26.0,27.0,45.0,1,819625.33
04570-905,Brooklin Paulista,22751.98,36.0,282.0,4.53,9.0,4.0,8.0,15.0,1,819071.11
04710-010,Santo Amaro,15896.03,51.5,281.5,2.14,21.5,14.5,10.0,5.5,2,818645.45
05713-520,Jardim Ampliação,15629.63,52.0,334.5,1.8,12.5,14.5,16.5,15.0,6,812740.63
04671-040,Vila Sofia,13982.51,58.0,290.0,3.35,10.0,10.0,25.0,13.0,1,810985.63
04671-904,Vila Sofia,11742.78,69.0,327.0,3.67,11.0,16.0,20.0,22.0,1,810251.89
05630-010,Vila Suzana,10321.53,78.0,455.0,3.67,11.0,20.0,29.0,18.0,1,805079.38
05622-050,Jardim Leonor,13873.5,58.0,240.0,3.52,11.0,10.0,19.0,18.0,1,804663.11
04671-050,Vila Sofia,9566.35,84.0,432.0,3.36,24.0,22.0,24.0,14.0,1,803573.0
05665-080,Paraisópolis,1637.43,487.0,1295.0,2.16,98.0,140.0,133.0,116.0,1,797429.36
05819-000,Jardim Santo Antônio,4006.38,199.0,824.0,4.13,47.0,46.0,47.0,59.0,1,797270.25
04757-000,Jardim Dom Bosco,12840.31,62.0,348.0,1.9,21.0,21.0,12.5,7.5,2,796099.47
05843-220,Jardim São Luís,3821.61,208.0,839.0,3.14,46.0,47.0,50.0,65.0,1,794894.1
05725-030,Vila Andrade,14189.86,56.0,316.0,2.57,13.0,9.0,19.0,15.0,1,794631.96
04719-000,Chácara Santo Antônio (Zona Sul),10180.12,78.0,462.0,1.5,11.0,20.0,23.0,24.0,1,794049.66
04671-090,Vila Sofia,12890.94,61.5,474.0,3.35,11.5,16.0,17.0,17.0,2,792793.02
05706-280,Paraíso do Morumbi,13618.25,58.0,392.0,1.76,12.0,21.0,14.0,11.0,1,789858.32
05640-904,Jardim Londrina,14894.71,53.0,266.0,2.83,9.0,9.0,18.0,17.0,1,789419.46
04576-010,Cidade Monções,8997.34,87.5,389.5,3.58,17.0,25.5,26.5,22.0,4,787267.27
04743-030,Santo Amaro,12693.27,62.0,401.0,2.23,21.0,12.0,14.0,15.0,1,786982.44
05713-560,Jardim Ampliação,16386.78,48.0,428.0,2.07,21.0,7.0,9.0,11.0,1,786565.53
05623-000,Vila Morse,7847.35,100.0,545.0,4.11,14.0,30.0,22.0,34.0,1,784734.72
05840-020,Vila das Belezas,6373.21,123.0,584.5,3.09,29.0,26.0,31.5,36.5,2,783904.73
04664-100,Jardim Marajoara,12603.24,62.0,343.0,3.84,15.0,12.0,16.0,19.0,1,781401.16
04613-003,Campo Belo,15935.52,49.0,241.0,4.69,14.5,16.5,10.0,8.0,2,780840.37
05716-070,Vila Andrade,17273.16,45.0,311.0,2.29,7.0,16.0,12.0,10.0,1,777292.36
05777-030,Vila Nova das Belezas,5250.21,148.0,715.0,3.49,32.0,41.0,39.0,36.0,1,777031.7
05756-310,Jardim Umarizal,4086.63,190.0,656.0,4.28,31.0,53.0,64.0,42.0,1,776460.18
04671-905,Vila Sofia,8800.79,88.0,472.0,3.57,25.0,27.0,23.0,13.0,1,774469.36
05639-130,Lar São Paulo,10040.85,77.0,440.0,3.93,22.0,15.0,17.0,23.0,1,773145.75
04764-080,Socorro,9468.46,81.5,368.5,4.43,19.5,29.5,17.5,15.0,2,771679.41
04735-001,Santo Amaro,17148.42,45.0,275.0,1.95,15.0,9.0,4.0,17.0,1,771679.06
04624-050,Vila Congonhas,14030.51,55.0,371.0,4.35,13.0,14.0,17.0,11.0,1,771678.2
04606-000,Campo Belo,21432.67,36.0,275.0,3.8,16.0,14.0,7.0,8.0,3,771575.94
04739-000,Santo Amaro,15648.78,49.0,316.0,1.67,13.0,15.0,13.0,8.0,1,766790.37
04605-004,Campo Belo,14707.08,52.0,248.0,4.02,13.5,13.0,12.5,13.0,2,764768.3
04715-004,Chácara Santo Antônio (Zona Sul),10279.93,74.0,381.0,1.04,17.0,24.0,14.0,19.0,1,760714.62
04741-040,Jardim Santo Amaro,14617.48,52.0,236.0,2.82,8.0,14.0,16.0,14.0,1,760109.15
05756-220,Jardim Umarizal,4040.36,188.0,812.0,4.16,45.0,43.0,45.0,55.0,1,759588.29
05775-230,Parque Regina,3064.12,245.0,959.0,4.24,51.0,65.0,61.0,68.0,1,750710.04
05709-050,Vila Suzana,18284.53,41.0,334.0,3.27,7.0,6.0,14.0,14.0,1,749665.64
04689-030,Vila Isa,5975.58,125.0,546.0,4.43,15.0,23.0,43.0,44.0,1,746947.16
04619-000,Campo Belo,19399.48,38.5,251.5,3.66,6.5,14.0,9.0,11.5,4,746880.13
04648-000,Vila Nova Caledônia,8198.14,91.0,597.0,4.3,21.0,17.0,31.0,22.0,1,746031.09
05734-100,Vila Andrade,9681.01,77.0,345.0,3.3,26.0,19.0,16.0,16.0,1,745438.05
05652-100,Jardim Leonor,17736.3,42.0,264.0,3.75,6.0,8.0,8.0,20.0,1,744924.41
05780-320,Vila Prel,5138.36,144.0,694.0,4.05,26.0,34.0,42.0,42.0,1,739924.42
05718-310,Vila Andrade,12515.86,59.0,463.0,2.27,16.0,25.0,12.0,6.0,1,738435.57
05654-050,Morumbi,18324.79,40.0,233.0,3.01,4.0,5.0,14.0,17.0,1,732991.64
04581-060,Vila Cordeiro,8917.39,82.0,465.0,3.03,20.0,23.0,19.0,20.0,1,731225.6
05842-100,Jardim Casablanca,4680.67,156.0,716.0,3.68,29.0,45.0,42.0,40.0,1,730184.86
04601-001,Brooklin Paulista,22123.36,33.0,229.0,3.46,4.5,6.5,10.5,11.5,2,730070.91
05676-090,Cidade Jardim,28069.75,26.0,153.0,4.61,4.0,4.0,11.0,7.0,1,729813.38
05638-010,Jardim Londrina,9460.52,77.0,420.0,4.43,15.0,17.0,27.0,18.0,1,728460.36
05750-350,Super Quadra Morumbi,11664.83,62.0,373.0,4.36,7.0,10.0,29.0,16.0,1,723219.47
04559-001,Brooklin Paulista,16815.78,43.0,344.0,3.83,14.0,18.0,6.0,5.0,1,723078.69
05623-020,Vila Morse,6286.24,115.0,590.0,3.9,28.0,30.0,30.0,27.0,1,722917.33
04556-400,Brooklin Paulista,17205.94,42.0,185.0,3.78,10.0,14.0,9.0,9.0,1,722649.59
04617-005,Campo Belo,14737.62,49.0,344.0,4.58,16.0,12.0,11.0,10.0,1,722143.14
05662-020,Paraisópolis,1906.56,377.5,1106.0,2.6,95.0,94.5,85.5,102.5,2,719728.01
05686-030,Real Parque,2423.74,295.0,814.0,3.13,52.0,73.0,86.0,84.0,3,715004.6
04566-002,Cidade Monções,14273.88,50.0,231.0,3.36,10.0,13.0,9.0,18.0,1,713694.14
04364-030,Vila Santa Catarina,12047.8,59.0,369.0,4.64,14.0,15.0,16.0,14.0,1,710820.5
04745-050,Santo Amaro,11080.49,64.0,451.0,3.13,20.0,18.0,16.0,10.0,1,709151.52
05734-090,Parque Reboucas,6027.21,117.5,444.0,3.53,35.0,32.0,29.0,21.0,4,708197.36
05734-140,Parque Reboucas,9957.36,71.0,395.0,3.28,21.0,22.5,17.0,12.5,6,706972.9
05642-907,Vila Suzana,19064.23,37.0,226.0,2.54,3.0,8.0,13.0,13.0,1,705376.65
04717-003,Chácara Santo Antônio (Zona Sul),12821.7,55.0,429.0,0.93,10.0,10.0,15.0,20.0,1,705193.57
05749-290,Jardim Novo Taboão,6322.78,111.5,463.5,3.74,37.5,24.5,24.5,25.0,2,704990.18
05634-000,Jardim Monte Kemel,8389.7,84.0,406.0,4.06,16.0,25.0,20.0,23.0,1,704734.85
05630-130,Vila Suzana,14380.92,49.0,284.0,3.36,9.0,11.0,11.0,13.0,3,704664.91
05674-010,Cidade Jardim,28164.09,25.0,204.0,4.77,,8.0,6.0,11.0,1,704102.15
05712-020,Jardim Parque Morumbi,8971.07,78.0,334.0,2.08,27.0,17.0,20.0,18.0,3,699743.44
05735-090,Parque Reboucas,6271.63,111.0,503.0,3.71,36.0,27.0,29.0,19.0,1,696150.59
04560-001,Brooklin Paulista,16458.83,42.0,240.0,3.9,12.0,13.0,5.0,12.0,3,691270.9
04617-907,Campo Belo,11110.42,62.0,363.0,4.23,16.0,10.0,14.0,22.0,1,688845.95
04650-900,Vila São Paulo,7801.59,88.0,437.0,4.61,24.0,22.0,22.0,20.0,1,686539.58
04674-230,Jardim Taquaral,9648.8,71.0,425.5,4.19,14.0,19.5,21.5,16.0,2,685064.85
05656-020,Fazenda Morumbi,1675.82,408.0,1141.0,2.55,108.0,184.0,48.0,68.0,1,683736.25
05657-090,Jardim Vitória Régia,12886.45,53.0,250.0,1.29,9.0,11.0,21.0,12.0,1,682981.88
05735-030,Parque Reboucas,4586.74,148.0,607.0,3.65,37.0,47.0,29.0,32.0,3,678836.93
04558-001,Brooklin Paulista,10125.69,67.0,399.0,4.5,13.0,13.0,17.0,24.0,1,678421.14
04616-905,Campo Belo,20527.99,33.0,204.0,4.26,9.0,10.0,6.0,8.0,1,677423.61
05692-050,Vila Tramontano,17738.22,38.0,221.0,1.67,11.0,6.0,12.0,9.0,1,674052.53
04601-020,Brooklin Paulista,16377.45,41.0,257.0,3.56,9.0,7.0,13.0,12.0,1,671475.43
05723-360,Jardim Santo Antônio,1896.94,353.0,1055.0,1.89,79.0,88.0,87.0,99.0,1,669618.88
04571-090,Cidade Monções,22978.56,29.0,212.0,3.78,9.0,7.0,4.0,6.0,3,666378.34
04563-061,Cidade Monções,14465.71,46.0,248.0,3.47,18.0,12.0,9.0,7.0,1,665422.43
04635-041,Vila Alexandria,17464.84,38.0,261.0,4.46,15.0,8.0,8.0,12.0,3,663663.76
04650-020,Jardim Umuarama,8817.05,75.0,433.0,4.5,24.0,16.0,18.0,17.0,1,661278.79
04647-010,Chácara Monte Alegre,9847.86,67.0,410.0,4.09,12.0,19.0,17.0,19.0,1,659806.95
04561-050,Brooklin Paulista,15161.23,43.5,291.5,3.77,10.0,10.0,11.0,12.5,2,659513.7
05641-000,Vila Suzana,13711.12,48.0,271.5,3.13,7.5,9.0,16.0,15.5,2,658133.78
05678-070,Jardim Sílvia (Zona Oeste),18254.45,36.0,186.0,4.16,4.0,12.0,9.0,11.0,1,657160.26
05661-060,Paraisópolis,1892.44,347.0,1188.0,3.07,69.0,92.0,95.0,91.0,1,656678.21
05846-130,Jardim Casablanca,3187.16,206.0,860.0,4.04,40.5,45.0,61.5,59.0,2,656554.75
04689-170,Vila Isa,5551.08,118.0,603.0,4.56,24.0,30.0,29.0,35.0,1,655027.46
05651-020,Morumbi,15196.25,43.0,251.0,4.39,4.0,13.0,6.0,20.0,1,653438.93
04610-011,Parque Colonial,19701.01,33.0,214.0,3.97,10.0,11.0,4.0,8.0,1,650133.27
05713-510,Jardim Ampliação,15625.9,41.0,478.0,1.76,13.0,10.0,10.0,8.0,1,640662.01
04726-170,Vila Cruzeiro,8415.7,76.0,508.0,0.11,17.0,18.0,20.0,21.0,1,639593.17
05734-040,Vila Andrade,10118.97,63.0,298.0,3.44,32.0,12.0,8.0,11.0,1,637494.89
05766-310,Jardim Olinda,2839.09,224.0,800.0,4.27,52.0,51.0,63.0,58.0,1,635957.04
04753-001,Santo Amaro,4779.37,133.0,826.0,1.63,31.0,30.0,30.0,42.0,1,635655.8
05819-020,Jardim Santa Josefina,2898.52,219.0,962.0,4.13,50.0,54.0,55.0,60.0,1,634775.6
05776-430,Vila Franca,3175.53,199.5,840.5,3.5,74.0,51.5,32.0,42.0,2,633517.86
05846-410,Jardim Casablanca,5147.03,123.0,471.0,4.0,42.0,27.0,27.0,27.0,1,633084.26
04616-002,Campo Belo,24323.47,26.0,200.0,4.33,10.0,11.0,,5.0,1,632410.18
05657-010,Fazenda Morumbi,9145.53,69.0,313.0,1.77,10.0,14.0,14.0,31.0,1,631041.75
05661-020,Fazenda Morumbi,7467.54,84.0,441.0,3.15,18.0,19.0,27.0,19.0,7,627273.11
05819-080,Jardim Santa Josefina,4664.02,134.0,613.0,4.33,32.0,29.0,33.0,40.0,1,624978.28
05713-530,Jardim Ampliação,5162.46,121.0,381.5,1.69,39.0,33.5,26.0,22.5,2,624658.03
04649-040,Jardim Prudência,8795.88,71.0,479.0,4.6,10.0,20.0,16.0,25.0,1,624507.44
04583-115,Vila Cordeiro,10189.91,61.0,407.0,2.58,14.0,15.0,14.0,18.0,1,621584.31
04624-100,Vila Congonhas,12145.39,51.0,339.0,4.67,20.0,7.0,12.0,12.0,1,619414.94
05705-240,Paraíso do Morumbi,16729.49,37.0,273.0,1.34,10.0,6.0,11.0,10.0,1,618991.26
05642-020,Vila Suzana,15092.99,41.0,254.5,2.59,9.5,10.0,9.5,12.0,2,618812.65
05634-060,Jardim Monte Kemel,13588.9,45.5,241.5,4.36,12.0,9.5,9.5,14.5,2,618294.88
04583-000,Vila Cordeiro,10459.43,59.0,328.0,2.71,7.0,12.0,16.0,24.0,1,617106.13
04672-130,Jardim Bélgica,10421.9,59.0,413.0,3.32,7.0,10.0,21.0,21.0,1,614892.1
05665-010,Vila Suzana,3058.17,201.0,756.0,2.47,56.0,57.0,48.0,49.0,5,614693.04
05734-150,Vila Andrade,13601.75,45.0,297.0,2.65,13.5,12.0,9.0,13.5,6,612078.65
04618-020,Campo Belo,18514.47,33.0,202.0,3.82,4.0,9.0,11.0,9.0,1,610977.35
05618-100,Vila Inah,11527.44,53.0,362.0,4.94,6.0,17.0,15.0,15.0,1,610954.47
05612-060,Jardim Guedala,26535.39,23.0,250.0,4.87,4.0,3.0,6.0,10.0,1,610313.87
05624-020,Vila Morse,5982.52,102.0,573.0,4.43,16.0,27.0,30.0,29.0,1,610216.92
05616-011,Vila Progredior,19067.25,32.0,193.0,4.6,8.0,8.0,10.0,6.0,1,610151.94
05712-080,Jardim Parque Morumbi,11731.85,52.0,229.0,2.14,14.0,15.0,10.0,13.0,1,610056.45
05641-021,Vila Suzana,18840.95,32.0,190.0,2.84,10.0,8.0,9.0,5.0,1,602910.37
05752-001,Jardim Maria Duarte,4099.49,147.0,659.0,4.19,46.0,41.5,34.0,35.0,4,602625.54
04633-900,Jardim Aeroporto,11318.1,53.0,288.0,4.61,9.0,17.0,11.0,16.0,1,599859.25
04674-900,Jardim Taquaral,8922.61,67.0,528.0,4.41,14.0,13.0,15.0,25.0,1,597814.6
04902-015,Parque Alves de Lima,3555.78,168.0,551.0,4.37,36.0,44.0,49.0,39.0,1,597371.54
05845-290,Jardim Brasília,3357.57,177.0,673.0,3.58,48.0,38.0,41.0,50.0,1,594290.5
04616-003,Campo Belo,11600.05,51.0,435.0,4.47,16.0,12.0,12.0,11.0,1,591602.35
05846-100,Conjunto Promorar São Luis,2335.48,253.0,824.0,4.11,56.0,65.0,63.0,69.0,1,590876.26
05845-240,Jardim Brasília,4272.82,138.0,565.0,3.87,35.0,27.0,36.0,40.0,1,589648.96
05734-130,Parque Reboucas,5119.39,115.0,578.0,3.39,44.0,22.0,21.0,28.0,1,588729.55
05641-110,Vila Suzana,16801.07,35.0,185.0,2.93,9.0,10.0,9.0,7.0,1,588037.41
04707-070,Jardim das Acácias,9946.26,59.0,477.0,2.33,14.0,10.0,16.0,19.0,1,586829.3
05750-230,Super Quadra Morumbi,12753.97,46.0,293.0,3.59,14.0,9.0,14.0,9.0,1,586682.71
05656-010,Fazenda Morumbi,1911.86,306.0,872.0,2.24,68.0,78.0,73.0,87.0,1,585029.14
04662-001,Santo Amaro,10826.98,54.0,341.0,3.2,7.0,12.0,21.0,14.0,1,584657.0
05724-902,Vila Andrade,9531.41,61.0,377.0,2.23,12.0,15.0,10.0,15.0,5,581415.8
05843-230,Jardim São Luís,4501.66,129.0,608.0,3.47,30.0,30.0,40.0,29.0,1,580713.97
05713-460,Jardim Ampliação,13639.53,42.5,332.0,2.24,10.0,12.0,12.0,8.5,2,579679.93
05642-902,Vila Suzana,10893.79,53.0,266.0,2.96,6.0,19.0,17.0,11.0,1,577370.7
05635-010,Jardim Monte Kemel,4541.79,127.0,526.0,4.37,29.0,31.0,34.0,33.0,1,576807.96
05841-080,Vila das Belezas,3972.03,145.0,605.0,3.37,30.0,31.0,44.0,40.0,1,575944.85
04763-070,Socorro,4265.03,135.0,693.0,4.3,27.0,22.0,40.0,46.0,1,575779.57
05754-010,Umarizal,3405.92,169.0,768.0,4.22,39.0,43.0,40.0,47.0,1,575600.78
05835-010,Vila Maracanã,4295.2,134.0,689.0,4.19,26.0,19.0,47.0,42.0,1,575557.13
04742-040,Santo Amaro,10648.05,54.0,418.0,2.51,11.0,15.0,8.0,20.0,1,574994.64
05736-010,Jardim São Roque,3270.24,175.5,719.0,3.29,41.5,42.5,42.5,49.0,2,573926.79
05665-050,Paraisópolis,2189.49,262.0,785.0,2.49,83.0,61.0,61.0,57.0,1,573645.67
05775-320,Parque Regina,3571.17,160.5,629.0,3.88,40.5,34.5,39.0,46.5,2,573172.4
04727-030,Vila Cruzeiro,5731.49,100.0,463.0,0.85,26.0,22.0,28.0,24.0,1,573149.12
05749-330,Jardim das Palmas,3658.8,156.5,631.5,3.8,40.0,41.5,42.5,32.5,2,572601.8
05724-020,Vila Andrade,15060.74,38.0,253.0,2.72,8.0,9.0,8.0,13.0,1,572308.04
05835-004,Vila Prel,8049.84,71.0,348.5,4.22,22.0,17.5,15.0,16.5,2,571538.36
05841-190,Vila das Belezas,3083.53,185.0,858.0,3.47,36.0,54.0,45.0,50.0,1,570452.42
04742-120,Santo Amaro,8025.69,71.0,470.0,2.61,12.0,15.0,27.0,17.0,1,569824.04
04672-010,Jardim Bélgica,8376.26,68.0,391.0,3.24,13.0,14.0,21.0,20.0,1,569585.43
04763-280,Socorro,5994.3,95.0,517.0,4.22,20.0,25.0,25.0,25.0,1,569458.49
05756-280,Jardim Umarizal,2711.46,209.0,744.5,4.21,69.5,48.0,42.5,49.0,2,566695.28
05816-170,Recanto Santo Antônio,2744.31,206.0,918.0,4.46,46.0,57.0,51.0,52.0,1,565328.82
05735-050,Parque Reboucas,2655.33,212.0,760.0,3.84,48.0,60.0,45.0,45.0,3,562930.69
05675-160,Cidade Jardim,26779.89,21.0,174.0,4.33,4.0,,7.0,10.0,1,562377.64
04718-002,Chácara Santo Antônio (Zona Sul),13630.57,41.0,277.0,0.82,15.0,8.5,10.0,7.5,2,558853.4
04673-040,Vila Anhangüera,7242.28,77.0,502.0,3.81,16.0,19.0,22.0,20.0,3,557655.36
04753-130,Jardim Promissão,7148.48,78.0,560.0,2.47,24.0,23.0,16.0,15.0,1,557581.42
04753-150,Jardim Promissão,8067.32,69.0,478.0,2.56,16.0,16.0,18.0,19.0,1,556644.87
04638-000,Jardim Petrópolis,10693.6,52.0,326.0,2.43,13.0,14.0,13.0,12.0,1,556067.31
05728-030,Vila Andrade,9723.17,57.0,249.0,2.73,17.0,13.0,16.5,11.0,3,554220.76
05665-030,Paraisópolis,2107.03,263.0,779.0,2.13,61.5,72.5,66.5,62.5,4,554149.38
04603-001,Santo Amaro,12447.51,44.5,345.0,3.32,12.0,11.5,14.0,7.0,2,553914.2
04767-010,Socorro,4679.83,118.0,608.0,4.78,21.0,23.0,33.0,41.0,1,552219.82
05665-060,Paraisópolis,2298.06,240.0,788.0,2.13,49.0,77.0,53.0,61.0,1,551533.75
05729-090,Vila Andrade,10568.17,52.0,265.0,2.56,15.0,14.0,11.0,11.0,5,549544.8
05730-160,Vila Andrade,2777.46,197.5,661.0,2.98,47.5,48.5,52.0,49.5,2,548547.83
05662-030,Paraisópolis,2121.05,258.0,827.0,2.66,77.0,56.0,56.0,69.0,1,547231.82
05843-140,Jardim São Luís,3039.52,180.0,756.0,3.15,40.0,39.0,54.0,47.0,1,547113.8
05736-200,Jardim São Roque,2756.35,198.0,705.0,3.06,37.0,61.0,48.0,52.0,1,545757.25
05776-500,Vila Franca,3347.8,163.0,844.0,3.62,55.0,36.0,33.0,39.0,1,545691.75
04713-000,Alto da Boa Vista,13636.54,40.0,393.0,1.82,14.5,9.0,9.0,8.0,3,545461.69
05813-060,Jardim São Luís,3450.05,158.0,608.0,2.86,51.0,41.0,30.0,36.0,1,545108.58
04727-150,Vila Cruzeiro,5037.52,108.0,640.0,1.14,23.0,28.0,24.0,33.0,1,544052.26
05662-080,Jardim Morumbi,12079.52,45.0,222.0,2.84,8.0,9.0,11.0,17.0,1,543578.46
04729-010,Jardim Caravelas,10219.58,53.0,528.0,0.6,20.0,13.0,9.5,10.5,2,541637.67
05642-010,Vila Andrade,13210.12,41.0,221.0,2.52,11.0,7.5,12.0,9.0,3,541614.76
04744-060,Santo Amaro,6307.82,85.0,519.0,2.64,20.0,23.0,19.0,23.0,1,536165.09
05778-240,Parque Arariba,2804.69,191.0,786.5,3.95,39.0,46.0,51.5,54.5,2,535696.22
04624-033,Vila Congonhas,1778.41,301.0,597.0,4.22,69.0,90.0,75.0,67.0,1,535301.79
05638-000,Jardim Londrina,9384.2,57.0,359.0,4.43,6.0,15.0,19.0,17.0,1,534899.5
04615-001,Campo Belo,17223.09,31.0,225.0,4.32,,6.0,5.0,20.0,1,533915.92
04606-901,Campo Belo,14821.6,36.0,235.0,4.08,8.0,16.0,5.0,7.0,1,533577.43
04721-060,Granja Julieta,15686.66,34.0,253.0,1.49,9.0,6.0,9.0,10.0,1,533346.29
04616-900,Campo Belo,13306.41,40.0,243.0,4.1,7.0,9.0,13.0,11.0,1,532256.34
05664-010,Paraisópolis,1928.19,274.5,825.5,2.37,65.0,69.5,59.0,81.0,2,529287.02
04707-903,Jardim das Acácias,12028.04,44.0,437.0,2.43,5.0,14.0,7.0,18.0,1,529233.89
05765-220,Jardim Olinda,1910.58,277.0,904.0,4.56,56.0,86.0,71.0,64.0,1,529230.08
05639-000,Lar São Paulo,9109.07,58.0,342.0,4.19,7.0,18.0,10.0,23.0,1,528326.01
05654-030,Morumbi,22958.13,23.0,198.0,2.89,4.0,8.0,4.0,7.0,1,528037.02
04763-200,Socorro,4322.77,122.0,494.0,4.02,26.0,33.0,27.0,36.0,1,527378.22
04660-900,Jardim Marajoara,11445.31,46.0,347.0,4.2,11.0,12.0,9.0,14.0,3,526484.3
05642-001,Vila Suzana,20011.03,26.0,167.0,2.8,5.0,7.0,7.0,6.0,3,520286.87
05752-540,Jardim Maria Duarte,4457.85,116.5,497.5,4.09,28.0,24.5,32.0,32.0,2,519339.47
05843-340,Jardim São Luís,2542.85,204.0,786.0,2.86,43.5,50.5,44.5,65.5,2,518740.99
05755-140,Jardim Umarizal,4359.1,119.0,614.0,4.54,24.0,29.0,34.0,32.0,1,518732.55
04622-001,Brooklin Paulista,9430.08,55.0,337.0,4.13,8.0,22.0,7.0,18.0,1,518654.31
04650-010,Jardim Umuarama,7296.89,71.0,350.0,4.36,18.0,19.0,15.0,19.0,1,518078.89
05630-907,Jardim Londrina,9248.59,56.0,332.5,3.34,8.5,13.0,18.0,16.5,2,517920.9
04734-004,Santo Amaro,15195.23,34.0,299.0,2.24,8.0,16.0,10.0,,1,516637.69
04707-110,Jardim das Acácias,14952.12,34.5,245.5,2.64,15.5,8.5,6.0,7.5,2,515848.0
04648-260,Jardim Prudência,9726.15,53.0,231.0,4.16,11.0,15.0,18.0,9.0,1,515486.01
05664-000,Paraisópolis,1904.21,270.5,783.5,2.33,67.5,78.0,57.5,65.0,4,515089.85
05706-340,Paraíso do Morumbi,1714.0,300.0,800.0,1.91,76.0,68.0,82.0,74.0,1,514199.07
04701-000,Santo Amaro,13892.16,37.0,353.0,2.26,8.5,11.5,8.0,9.0,2,514009.74
04718-001,Chácara Santo Antônio (Zona Sul),11419.77,45.0,352.0,1.1,10.0,6.0,12.0,17.0,1,513889.82
05763-450,Jardim Santa Efigênia,8600.72,59.5,230.5,4.56,14.0,11.5,19.5,14.5,2,511743.13
04737-000,Santo Amaro,11900.65,43.0,246.0,2.3,6.0,12.0,15.0,10.0,1,511727.8
04685-001,Vila Sofia,8894.08,57.5,425.0,3.56,14.5,19.5,10.5,13.0,2,511409.46
05844-030,Jardim São Luís,3118.12,164.0,646.0,4.19,40.0,42.0,40.0,42.0,3,511371.49
05801-050,Jardim Mirante,2855.49,179.0,776.0,2.77,42.0,37.0,51.0,49.0,1,511133.6
04675-020,Jardim Taquaral,8804.14,58.0,404.0,3.93,8.0,14.0,15.0,21.0,1,510639.98
04563-001,Cidade Monções,12706.41,40.0,267.0,3.83,14.0,6.0,11.0,9.0,1,508256.36
04583-030,Vila Cordeiro,8751.85,58.0,344.5,2.82,12.5,14.5,12.0,19.0,2,507607.01
05713-500,Jardim Ampliação,13206.03,38.0,321.0,2.28,14.0,8.0,8.0,8.0,1,501829.04
04674-200,Jardim Itapeva,7596.24,66.0,386.0,4.2,15.0,16.0,14.0,21.0,1,501351.75
05665-020,Paraisópolis,1699.48,294.5,857.0,2.31,67.0,85.5,65.0,87.5,4,500498.13
05663-000,Paraisópolis,1854.85,269.0,894.0,2.54,58.0,59.0,66.0,86.0,5,498954.42
05661-050,Paraisópolis,1967.94,253.5,786.5,2.37,65.5,75.0,58.0,56.0,4,498873.04
04581-051,Vila Cordeiro,8735.75,57.0,378.0,2.86,15.0,10.0,17.0,15.0,1,497937.76
05663-010,Paraisópolis,2132.42,233.0,758.5,2.32,53.0,57.0,62.0,66.0,8,496853.57
05846-395,Jardim Casablanca,2052.24,242.0,874.0,4.07,54.0,62.0,60.0,66.0,1,496641.75
04635-070,Vila Alexandria,10124.38,49.0,371.0,4.25,13.5,13.5,9.5,12.5,2,496094.79
05847-450,Jardim Iracema,1874.66,264.0,824.0,4.48,63.0,73.0,67.0,61.0,1,494909.55
04560-902,Brooklin Novo,13270.13,37.0,386.0,4.18,12.0,15.0,5.0,5.0,1,490994.81
05639-100,Lar São Paulo,10019.23,49.0,273.0,4.02,8.0,17.0,11.0,13.0,1,490942.38
04741-000,Jardim Santo Amaro,13795.25,35.5,355.0,1.86,17.5,7.5,5.5,5.0,2,489731.4
05820-230,Jardim Novo Santo Amaro,2878.85,170.0,557.0,4.12,42.0,41.0,41.0,46.0,5,489404.34
05743-230,Jardim Jamaica,4253.74,115.0,573.0,4.7,20.0,24.0,29.0,42.0,1,489179.86
05818-310,Jardim Vergueiro,3872.04,126.0,451.5,3.89,25.0,36.0,32.0,33.0,2,487876.95
05853-410,Jardim Duprat,1938.21,251.0,716.0,4.53,55.0,73.0,57.0,66.0,1,486489.58
04619-005,Campo Belo,15684.69,31.0,278.0,4.31,6.0,8.0,8.0,9.0,1,486225.46
05844-210,Jardim São Luís,2460.62,196.0,762.0,4.03,48.0,48.0,50.0,50.0,1,482282.22
04563-013,Cidade Monções,13303.73,36.0,282.5,3.71,12.0,7.0,9.0,8.0,2,478934.45
05843-300,Jardim São Luís,4499.11,106.0,540.5,3.14,25.5,26.0,25.0,29.5,2,476905.25
05812-000,Jardim São Luís,2832.91,168.0,834.5,3.23,37.5,42.0,44.0,44.5,2,475928.7
04565-000,Cidade Monções,16684.04,28.5,191.5,3.67,7.0,9.0,4.5,8.0,4,475495.1
05630-080,Vila Suzana,13978.12,34.0,245.0,3.41,12.0,8.0,5.0,9.0,1,475256.14
05846-260,Conjunto Promorar São Luis,2111.99,225.0,837.0,4.29,56.0,62.0,54.0,53.0,1,475197.03
05730-170,Vila Andrade,8632.04,55.0,328.0,2.67,25.0,27.0,9.0,4.0,3,474762.35
04704-080,Jardim das Acácias,10778.06,44.0,383.0,2.6,14.0,15.0,6.0,9.0,1,474234.45
05640-003,Jardim Londrina,16324.74,29.0,197.0,3.25,11.0,5.5,8.5,6.5,4,473417.33
05723-330,Jardim Santo Antônio,2594.96,182.0,737.0,2.19,40.0,43.0,48.0,51.0,1,472283.01
05815-035,Jardim São João,2862.3,165.0,704.0,3.67,49.0,33.0,36.0,47.0,1,472279.15
04671-072,Vila Sofia,10223.33,46.0,321.0,3.83,8.0,12.0,13.0,16.0,3,470273.29
05652-000,Jardim Leonor,16786.23,28.0,276.0,4.11,4.0,8.0,7.0,9.0,1,470014.36
05662-070,Paraisópolis,1903.59,246.0,689.0,2.95,59.0,60.0,62.0,65.0,1,468283.18
04753-110,Jardim Promissão,6592.23,71.0,515.0,2.6,19.0,15.0,17.0,20.0,1,468048.46
04601-071,Brooklin Paulista,11340.06,41.0,211.0,4.48,9.0,8.0,10.0,14.0,1,464942.28
05847-000,Jardim Iracema,3273.4,142.0,666.0,4.29,23.0,36.0,38.0,45.0,3,464822.38
04555-002,Brooklin Paulista,12224.75,38.0,246.0,3.94,5.0,9.0,11.0,13.0,1,464540.54
05711-000,Jardim Vazani,8922.88,52.0,366.0,4.05,9.0,11.5,15.0,18.5,4,463989.93
04608-011,Campo Belo,14953.67,31.0,234.0,4.17,11.0,6.0,7.0,7.0,1,463563.75
05724-002,Vila Andrade,14442.58,32.0,196.5,2.43,8.5,7.5,7.5,7.0,4,462162.44
05845-220,Jardim Brasília,2560.5,180.0,660.0,3.82,36.0,43.0,47.0,54.0,1,460889.35
05776-450,Vila Franca,2991.28,154.0,757.0,3.39,50.0,42.0,23.0,15.0,3,460656.62
04674-225,Jardim Taquaral,9389.49,49.0,332.0,4.18,13.5,11.0,14.0,19.5,5,460085.09
05778-140,Parque Arariba,2653.25,173.0,710.0,4.22,41.0,37.0,49.0,46.0,1,459013.02
05843-350,Jardim São Luís,2620.48,175.0,721.0,3.34,41.0,35.0,45.0,54.0,1,458583.22
04582-020,Vila Cordeiro,11166.46,41.0,249.0,3.22,9.0,18.0,11.0,3.0,1,457824.83
05640-900,Jardim Londrina,12199.83,37.5,195.0,3.43,10.5,5.5,10.0,11.5,2,457493.7
05664-015,Paraisópolis,2296.87,198.5,600.0,2.02,42.5,49.5,44.0,58.0,4,455928.23
05812-010,Jardim São Luís,2863.26,159.0,645.0,3.36,36.0,41.0,44.0,38.0,1,455257.79
04632-040,Jardim Aeroporto,9474.19,48.0,263.0,4.81,14.0,13.0,13.0,8.0,1,454761.01
04747-130,Santo Amaro,8399.19,54.0,397.0,2.83,15.0,15.0,11.0,13.0,1,453556.51
04902-100,Parque Alves de Lima,4674.87,97.0,498.0,4.39,25.0,25.0,17.0,30.0,1,453462.78
04711-000,Vila São Francisco (Zona Sul),8496.16,53.0,303.0,1.38,7.0,14.0,11.0,21.0,1,450296.32
05773-010,Parque Regina,2951.63,152.0,548.0,4.21,31.5,34.5,42.0,44.0,2,448647.09
04709-111,Santo Amaro,16006.89,28.0,337.0,1.5,15.0,3.0,3.0,7.0,1,448192.95
05749-300,Jardim das Palmas,3330.58,134.5,502.5,3.62,29.0,35.5,31.0,39.0,4,447963.16
05724-001,Vila Andrade,13545.45,33.0,154.0,2.78,6.0,5.0,6.0,16.0,1,446999.76
05756-360,Jardim Umarizal,1820.36,245.0,816.0,4.09,105.0,54.0,53.0,33.0,1,445988.41
04558-003,Brooklin Paulista,8476.98,52.5,309.5,4.45,13.5,11.5,12.5,15.0,2,445041.35
05641-060,Vila Suzana,14803.27,30.0,238.0,3.23,8.5,5.5,8.5,7.5,2,444097.96
05735-120,Parque Reboucas,5009.51,88.5,409.0,3.83,33.5,22.5,17.5,15.0,2,443341.32
05752-520,Jardim Maria Duarte,5203.52,85.0,490.0,4.54,14.0,21.5,25.0,24.5,2,442299.48
05750-140,Super Quadra Morumbi,6695.42,66.0,388.0,4.12,13.0,16.0,18.0,19.0,1,441897.69
05842-050,Jardim Casablanca,3381.34,130.5,492.0,3.64,32.0,26.5,31.5,40.5,2,441265.31
05642-900,Vila Suzana,8450.27,52.0,254.0,2.85,9.0,16.0,20.0,7.0,1,439413.98
05742-080,Jardim Taboão,8058.08,54.5,299.5,4.56,19.5,13.0,13.5,8.5,2,439165.51
04618-900,Campo Belo,13305.93,33.0,248.0,4.21,6.0,7.0,7.0,13.0,1,439095.85
04560-010,Brooklin Novo,14635.0,30.0,236.5,4.18,9.0,10.5,5.0,5.5,2,439050.15
05836-350,Jardim Monte Azul,4618.94,95.0,451.0,2.84,21.0,20.0,27.0,27.0,3,438799.05
05752-460,Vila Analia,4849.82,90.0,527.0,4.32,17.0,21.5,29.0,22.5,2,436483.97
04649-090,Jardim Prudência,5307.71,82.0,360.0,4.78,20.0,21.0,24.0,17.0,1,435232.23
05731-262,Jardim Bronzato,3566.96,122.0,637.0,3.26,19.0,35.0,30.0,38.0,1,435169.53
04563-060,Cidade Monções,6212.94,70.0,300.0,3.08,12.0,15.0,22.0,19.0,3,434905.89
05836-160,Jardim Monte Azul,3585.92,121.0,554.0,2.99,23.0,36.0,22.0,40.0,1,433895.95
04571-150,Cidade Monções,12033.62,36.0,339.0,3.66,8.0,14.0,8.0,6.0,1,433210.38
05844-170,Jardim São Luís,3157.65,137.0,582.0,3.36,28.0,36.0,37.0,36.0,1,432598.67
04736-000,Santo Amaro,4313.2,100.0,473.0,2.33,13.0,21.0,36.0,30.0,1,431319.74
05766-280,Jardim Olinda,3018.48,142.5,590.5,4.34,34.0,38.0,34.5,36.0,2,430132.97
05692-030,Retiro Morumbi,17793.92,24.0,197.0,1.81,3.0,3.0,8.0,10.0,1,427054.04
04618-910,Campo Belo,14192.79,30.0,234.0,4.27,8.0,5.0,5.0,12.0,1,425783.7
04563-000,Cidade Monções,25786.11,16.5,267.0,3.92,8.5,2.0,,6.0,2,425470.88
05843-330,Jardim São Luís,2658.69,160.0,639.0,3.36,35.0,47.0,28.0,50.0,1,425391.12
04750-060,Santo Amaro,8763.29,48.5,323.5,1.7,10.0,13.5,14.0,11.0,2,425019.34
05728-020,Vila Andrade,5444.79,78.0,371.0,2.82,24.0,24.0,14.0,16.0,1,424693.27
05845-250,Jardim Brasília,3534.6,120.0,613.0,3.74,29.0,39.0,26.0,26.0,1,424152.04
04560-908,Brooklin Paulista,17641.71,24.0,247.0,3.56,14.0,8.0,6.5,6.5,2,423400.96
04705-050,Vila Gertrudes,10558.35,40.0,325.0,2.29,10.0,13.0,10.0,7.0,1,422334.07
05774-300,Parque Regina,2398.48,176.0,692.0,3.66,51.0,44.0,39.0,42.0,1,422133.28
05801-060,Jardim Mirante,3760.98,112.0,619.0,2.51,28.0,31.0,31.0,22.0,1,421229.79
04607-020,Campo Belo,11379.55,37.0,200.0,4.32,15.0,4.0,7.0,11.0,1,421043.17
05661-040,Paraisópolis,2158.67,194.0,699.0,3.22,41.0,56.5,43.0,55.0,9,418782.35
05846-350,Conjunto Promorar São Luis,1851.56,226.0,812.0,4.21,41.0,50.0,68.0,67.0,1,418451.97
04618-911,Campo Belo,14420.81,29.0,186.0,4.14,9.0,10.0,4.0,6.0,1,418203.5
04744-001,Santo Amaro,7437.43,56.0,396.0,2.52,12.0,19.0,11.0,14.0,1,416495.86
05634-160,Jardim Monte Kemel,7418.56,56.0,328.0,4.47,8.0,13.0,14.0,21.0,1,415439.64
05736-020,Jardim Ingá,2387.35,174.0,484.0,3.27,40.0,39.5,46.0,48.5,2,415398.96
04763-290,Socorro,5384.33,77.0,407.0,4.12,15.0,23.0,23.0,16.0,1,414593.63
04696-040,Jurubatuba,5838.89,71.0,480.0,3.99,22.0,17.0,13.0,21.5,3,414561.52
04719-020,Chácara Santo Antônio (Zona Sul),11355.24,36.5,345.5,0.87,8.5,12.0,9.5,6.5,2,414466.19
04567-000,Cidade Monções,13797.75,30.0,272.0,3.45,9.0,16.0,,5.0,1,413932.37
04624-110,Vila Congonhas,4419.53,93.5,272.0,4.34,22.0,26.0,24.5,21.0,2,413225.74
05778-181,Parque Arariba,2849.12,145.0,631.0,4.49,33.0,31.0,39.0,42.0,3,413122.31
05752-440,Jardim Maria Duarte,2592.24,159.0,624.0,3.95,31.0,33.0,47.0,48.0,1,412165.49
04565-001,Cidade Monções,12867.4,32.0,159.0,3.51,8.5,13.0,6.0,5.0,3,411756.95
05634-010,Jardim Monte Kemel,7086.64,58.0,406.0,4.27,12.0,15.0,16.0,15.0,1,411025.18
04764-070,Socorro,4799.88,85.0,426.0,4.52,10.0,26.0,21.0,23.0,3,407989.77
04622-011,Brooklin Paulista,5260.85,77.5,311.5,4.16,11.0,23.0,19.5,24.0,2,407716.01
05741-220,Jardim Morro Verde,7323.69,55.5,310.0,4.25,13.5,17.0,11.0,14.0,2,406464.98
05849-330,Jardim Germânia,4363.3,93.0,514.0,4.54,32.0,22.0,18.0,21.0,1,405787.02
05813-070,Jardim São Luís,2427.11,167.0,699.0,3.01,42.0,40.0,41.0,44.0,1,405326.61
04756-050,Santo Amaro,5949.14,68.0,511.0,1.48,9.0,15.0,20.0,24.0,1,404541.48
05777-170,Vila Nova das Belezas,1720.61,235.0,771.0,4.14,46.5,64.5,55.5,68.5,2,404343.18
04557-051,Brooklin Paulista,5460.86,74.0,337.0,4.66,18.0,16.0,19.0,21.0,1,404103.87
04755-000,Santo Amaro,3995.01,101.0,577.0,1.83,20.0,25.0,22.0,34.0,1,403495.65
04562-001,Brooklin Paulista,7829.98,51.5,302.0,3.87,10.5,13.5,14.5,13.0,2,403244.06
04660-040,Campo Grande,7863.09,51.0,304.0,4.52,6.0,9.0,22.0,14.0,1,401017.58
04752-030,Santo Amaro,5409.07,74.0,443.0,2.23,19.0,15.0,21.0,19.0,1,400271.39
04756-100,Santo Amaro,6339.86,63.0,572.0,1.64,21.0,14.0,11.0,17.0,1,399411.45
05836-130,Jardim Monte Azul,5394.14,74.0,379.0,2.81,14.0,19.0,20.0,21.0,1,399166.27
05634-020,Jardim Monte Kemel,6879.74,58.0,364.0,4.21,10.0,11.5,19.5,17.0,2,399024.93
04606-004,Campo Belo,19854.01,20.0,206.0,4.41,3.0,8.0,5.0,4.0,1,397080.22
04705-070,Vila Gertrudes,14965.61,26.5,214.5,2.34,11.0,16.0,3.0,6.0,2,396588.72
05772-040,Parque Regina,3702.69,107.0,471.0,4.44,25.5,27.5,26.5,27.5,2,396187.56
04705-030,Vila Gertrudes,11633.47,34.0,294.0,2.43,11.0,9.0,8.0,6.0,1,395538.04
05844-060,Jardim São Luís,3591.2,110.0,438.0,3.64,22.0,27.0,31.0,30.0,1,395031.48
05711-160,Jardim Taboão,7173.27,55.0,352.0,4.7,11.0,16.0,12.0,16.0,1,394529.64
05625-030,Vila Sônia,12315.33,32.0,247.0,4.09,10.0,7.0,9.0,6.0,1,394090.44
05634-150,Jardim Monte Kemel,5468.98,72.0,396.0,4.34,19.0,15.0,18.0,20.0,1,393766.76
05614-000,Jardim Leonor,18748.21,21.0,128.0,4.21,4.0,3.0,4.0,10.0,1,393712.5
05757-120,Jardim Ana Maria,4557.81,86.0,329.0,4.46,24.0,21.0,23.0,18.0,2,391971.58
05846-150,Conjunto Promorar São Luis,2036.54,191.5,697.0,4.42,42.5,47.0,44.5,57.5,2,389996.73
04709-110,Santo Amaro,15590.03,25.0,258.5,1.71,9.5,7.0,6.0,6.0,2,389750.85
05752-570,Jardim Maria Duarte,5562.61,70.0,346.0,4.26,8.0,24.0,18.0,20.0,1,389382.49
05815-080,Jardim São Francisco de Assis,2495.7,156.0,619.0,3.89,26.0,31.0,46.0,53.0,1,389329.34
05665-040,Paraisópolis,2139.11,182.0,547.0,2.25,50.0,49.0,33.0,50.0,1,389317.33
05728-050,Vila Andrade,3787.58,102.5,414.5,3.07,34.0,25.0,24.5,18.0,6,388226.94
05629-010,Jardim Colombo,7393.76,52.5,339.0,3.73,12.0,14.0,12.5,14.0,2,388172.17
05655-060,Jardim Morumbi,18474.09,21.0,133.0,2.46,3.0,4.0,5.0,9.0,1,387955.81
04571-220,Cidade Monções,8161.71,47.5,297.5,4.29,7.0,12.0,13.0,15.5,2,387681.19
05632-070,Jardim Monte Kemel,4189.1,92.5,410.0,4.12,21.0,24.0,25.0,22.5,2,387491.6
05630-120,Vila Suzana,7438.99,52.0,341.0,3.98,7.0,9.0,19.0,17.0,1,386827.24
05844-180,Jardim São Luís,3274.26,118.0,563.0,3.49,36.0,23.0,29.0,30.0,1,386363.07
04557-050,Brooklin Paulista,6536.66,59.0,360.0,4.6,19.0,7.0,18.0,15.0,1,385663.22
04717-010,Chácara Santo Antônio (Zona Sul),9874.11,39.0,431.0,1.17,12.0,9.0,8.0,10.0,1,385090.16
04766-050,Socorro,3405.96,113.0,626.0,3.98,17.0,29.0,29.0,38.0,1,384873.07
05815-170,Jardim Dinar,2983.17,129.0,511.0,3.67,27.0,38.0,31.0,33.0,1,384828.76
04563-004,Cidade Monções,14196.22,27.0,174.0,3.75,8.0,8.0,7.0,4.0,1,383297.95
04650-050,Jardim Umuarama,6279.78,61.0,338.0,4.66,13.0,13.0,19.0,16.0,1,383066.65
05774-200,Parque Regina,3204.48,119.0,487.0,3.8,22.0,35.0,34.0,28.0,1,381332.91
04581-001,Vila Cordeiro,7331.15,52.0,364.0,2.97,8.0,17.0,15.0,12.0,1,381220.04
05729-080,Vila Andrade,1905.29,200.0,602.5,2.8,44.5,50.0,45.5,61.0,6,381058.75
04562-002,Brooklin Paulista,12676.06,30.0,210.0,3.82,9.0,9.0,6.0,6.0,1,380281.67
05750-300,Jardim Taboão,1935.91,196.0,579.0,3.53,42.0,48.0,44.0,62.0,1,379437.78
05842-020,Jardim Casablanca,2849.47,133.0,505.0,3.39,25.0,34.0,31.0,43.0,1,378978.96
04635-010,Vila Alexandria,8369.65,45.0,323.0,4.66,9.0,12.0,8.0,16.0,1,376634.24
04714-002,Chácara Santo Antônio (Zona Sul),5948.13,63.0,362.0,0.93,23.0,7.0,16.0,17.0,1,374732.47
05665-000,Paraisópolis,1963.5,190.5,576.5,2.19,45.5,51.0,45.0,54.0,4,374046.75
04707-061,Jardim das Acácias,17733.02,21.0,267.0,2.19,7.0,3.0,3.0,8.0,1,372393.32
04674-130,Jardim Itapeva,4895.01,76.0,467.0,4.34,9.0,13.0,28.0,26.0,1,372020.42
05653-160,Jardim Leonor,17654.42,21.0,295.0,3.59,6.5,4.0,0.0,10.5,2,370742.77
04703-040,Jardim das Acácias,8818.56,42.0,251.0,2.45,10.0,6.0,14.0,12.0,1,370379.67
04688-000,Jardim Jua,4934.84,75.0,452.0,4.17,16.0,20.0,22.0,17.0,1,370113.11
05639-170,Lar São Paulo,11213.65,33.0,177.0,3.75,4.0,7.0,11.0,11.0,1,370050.53
05836-270,Jardim Monte Azul,1850.01,200.0,682.0,2.77,48.0,48.0,46.0,58.0,1,370001.94
04746-070,Santo Amaro,5058.26,73.0,459.0,2.84,16.0,16.0,15.0,26.0,1,369253.33
04728-170,Jardim Caravelas,8578.14,43.0,327.0,0.71,7.0,12.0,9.0,15.0,1,368859.97
04763-060,Socorro,5751.78,64.0,391.0,4.14,17.0,14.0,11.0,22.0,1,368114.21
04735-000,Santo Amaro,8955.52,41.0,251.5,2.14,10.0,7.5,9.5,14.0,2,367176.23
04571-160,Cidade Monções,12159.14,30.0,267.0,3.68,7.0,9.0,5.0,9.0,1,364774.06
05735-110,Parque Reboucas,1856.69,196.0,614.0,3.69,43.0,58.0,48.0,47.0,1,363910.38
04611-001,Brooklin Paulista,12115.59,30.0,207.0,4.2,6.0,11.0,4.0,9.0,1,363467.76
04748-020,Santo Amaro,21379.69,17.0,113.0,2.91,,3.0,8.0,6.0,1,363454.65
05818-270,Jardim Vergueiro,5944.32,61.0,333.0,3.99,17.5,15.0,14.0,14.5,2,362603.7
05640-004,Jardim Londrina,7548.26,48.0,271.0,2.47,8.0,13.0,8.0,15.0,3,362316.48
05847-570,Jardim Iracema,4109.91,88.0,396.0,4.16,13.0,24.0,24.0,27.0,1,361671.71
05622-040,Vila Sônia,9039.46,40.0,232.0,3.99,7.0,6.0,10.0,17.0,1,361578.29
05766-260,Jardim Olinda,2841.31,127.0,486.0,3.98,30.0,37.0,28.0,32.0,1,360846.57
05711-900,Jardim Vazani,5055.46,71.0,510.0,3.7,15.0,13.0,19.0,24.0,1,358937.53
05640-001,Jardim Londrina,12142.17,29.5,191.0,3.68,4.5,8.5,8.5,8.0,2,358193.97
05756-340,Jardim Umarizal,4504.43,79.0,378.0,4.37,19.0,20.0,22.0,18.0,1,355850.03
05772-060,Parque Regina,2332.75,152.5,596.0,4.42,32.5,38.5,39.0,42.5,2,355744.03
04617-001,Campo Belo,11857.47,30.0,252.0,4.1,7.0,9.0,7.0,7.0,1,355724.18
05660-000,Paraisópolis,1875.14,189.0,638.0,2.35,47.0,55.0,37.0,46.0,13,354401.93
04650-040,Jardim Umuarama,11421.46,31.0,224.0,4.53,6.5,4.5,11.0,9.0,2,354065.26
05642-904,Vila Andrade,16814.74,21.0,140.0,2.71,6.0,10.0,5.0,,1,353109.63
04558-070,Brooklin Paulista,6881.98,51.0,409.0,4.6,8.0,10.0,12.0,21.0,1,350980.73
05659-020,Paraisópolis,2085.76,168.0,507.0,2.35,36.0,43.0,45.0,36.0,9,350407.13
05750-330,Vila Suzana,6719.73,52.0,355.0,3.63,14.0,17.0,8.0,13.0,1,349426.08
05723-390,Jardim Santo Antônio,2251.98,155.0,507.0,1.96,38.0,42.0,38.0,37.0,1,349057.57
04726-090,Chácara Japonesa,6651.92,52.0,349.0,0.48,10.0,9.0,16.0,17.0,1,345899.95
05665-130,Paraisópolis,1930.79,179.0,548.0,2.35,45.0,51.0,42.0,41.0,1,345611.48
04610-001,Parque Colonial,21596.95,16.0,184.0,4.01,12.0,4.0,,,1,345551.24
04726-070,Vila Cruzeiro,10443.15,33.0,174.0,0.67,5.0,6.0,11.0,11.0,1,344624.01
04602-006,Brooklin Paulista,17227.06,20.0,170.0,4.46,7.0,9.0,4.0,,1,344541.12
04696-310,Jurubatuba,8781.49,39.0,215.0,3.42,6.0,13.0,10.0,10.0,1,342478.04
04583-020,Vila Cordeiro,6985.8,49.0,302.0,2.49,11.0,12.0,14.0,12.0,1,342304.1
05756-350,Jardim Umarizal,4012.2,85.0,437.0,4.46,11.0,23.0,22.0,29.0,1,341037.37
04623-010,Brooklin Paulista,7570.64,45.0,257.0,4.09,18.0,9.0,15.0,14.0,3,340678.97
05655-010,Jardim Morumbi,13616.71,25.0,132.0,2.7,,11.0,9.0,5.0,1,340417.77
04623-110,Brooklin Paulista,8727.55,39.0,297.0,3.9,7.0,5.0,12.0,15.0,1,340374.43
05712-010,Jardim Parque Morumbi,2577.56,132.0,404.0,1.94,18.0,33.0,34.0,47.0,1,340237.36
05656-000,Fazenda Morumbi,9971.05,34.0,188.0,2.28,12.0,8.0,7.0,7.0,1,339015.55
04763-210,Socorro,4459.44,76.0,475.0,3.87,12.0,23.0,21.0,20.0,1,338917.7
05663-020,Paraisópolis,1968.78,172.0,538.0,2.54,46.0,47.0,45.0,34.0,7,338629.88
05624-040,Vila Morse,6387.37,53.0,281.0,4.36,10.0,12.0,16.0,15.0,1,338530.58
05628-080,Jardim Colombo,4451.77,76.0,398.0,4.01,16.0,26.0,19.0,15.0,1,338334.84
04716-002,Chácara Santo Antônio (Zona Sul),8663.76,39.0,306.0,1.03,8.0,5.0,15.0,11.0,1,337886.6
04635-030,Vila Alexandria,12035.77,28.0,162.0,4.59,6.0,6.0,10.0,6.0,1,337001.56
05686-050,Real Parque,2388.66,141.0,422.0,2.99,27.0,33.0,36.0,37.0,5,336800.43
05750-290,Vila Suzana,5314.42,63.0,355.0,3.73,10.0,17.0,18.0,18.0,1,334808.5
04559-002,Brooklin Paulista,12610.53,26.5,217.5,3.37,9.0,6.5,6.0,7.0,4,334179.11
04631-010,Jardim Aeroporto,7103.86,47.0,372.0,4.71,15.0,10.0,11.0,11.0,1,333881.52
04745-020,Santo Amaro,4830.52,69.0,487.0,2.83,16.0,14.0,25.0,14.0,1,333306.01
04567-070,Cidade Monções,8543.32,39.0,247.0,3.32,11.0,6.0,11.0,11.0,1,333189.31
05626-001,Vila Sônia,4316.88,77.0,383.0,4.51,19.0,23.0,20.0,15.0,1,332399.9
05749-340,Jardim das Palmas,3255.97,102.0,388.0,3.84,23.0,23.0,28.0,28.0,1,332108.75
04754-080,Santo Amaro,6446.98,51.5,339.5,1.55,12.0,16.0,12.0,11.5,2,332019.42
05815-000,Jardim São João,2861.79,116.0,491.0,3.68,20.0,30.0,30.0,36.0,3,331967.61
05844-220,Jardim São Luís,2587.33,128.0,640.0,3.37,20.0,23.0,39.0,46.0,1,331177.86
04561-906,Brooklin Paulista,14395.26,23.0,308.0,4.01,10.0,6.0,4.0,3.0,1,331091.02
04623-150,Brooklin Paulista,7352.71,45.0,317.0,4.12,6.0,20.0,13.0,6.0,1,330871.81
04715-002,Chácara Santo Antônio (Zona Sul),11762.61,28.0,223.0,1.74,6.0,8.0,6.0,9.0,3,329353.15
05767-470,Jardim Catanduva,2765.52,119.0,426.0,4.72,31.0,27.0,23.0,38.0,1,329096.93
04605-003,Campo Belo,18272.03,18.0,221.0,3.92,,4.0,7.0,7.0,1,328896.55
05641-020,Vila Suzana,13147.55,25.0,182.0,2.71,3.0,4.0,10.0,8.0,1,328688.74
05778-170,Parque Arariba,1825.33,180.0,600.0,4.41,42.5,46.5,45.5,45.5,2,328558.92
04566-061,Cidade Monções,14904.79,22.0,264.0,3.99,9.0,4.0,3.0,6.0,1,327905.38
04578-911,Brooklin Paulista,8518.39,38.0,235.0,3.55,12.0,8.0,7.0,11.0,1,323698.84
05814-210,Jardim Ibirapuera,2128.9,152.0,521.0,3.57,25.5,31.0,53.0,42.5,4,323592.19
05625-150,Vila Sônia,3091.53,104.0,511.0,4.45,17.0,29.0,36.0,22.0,1,321519.2
04566-080,Cidade Monções,13976.09,23.0,225.0,4.07,8.0,6.0,3.0,6.0,1,321450.05
05752-400,Jardim Maria Duarte,4016.07,80.0,391.5,4.12,13.5,19.5,22.5,24.5,2,321285.43
05754-071,Jardim Umarizal,5431.35,59.0,311.0,4.26,14.0,13.0,14.0,18.0,1,320449.82
04637-050,Jardim Petrópolis,6046.01,53.0,303.0,3.23,13.0,13.0,12.0,15.0,1,320438.49
04671-210,Vila Sofia,10676.7,30.0,233.0,3.48,5.0,10.0,6.0,9.0,1,320301.14
05712-030,Jardim Parque Morumbi,2834.34,113.0,319.0,2.09,16.0,25.0,36.0,36.0,1,320279.89
05774-250,Parque Regina,2403.24,133.0,585.0,3.83,36.0,25.0,41.0,31.0,1,319631.34
05775-180,Parque Regina,2878.9,111.0,515.0,4.28,29.0,23.0,29.0,30.0,1,319557.37
05756-190,Jardim Umarizal,1774.96,179.0,534.0,4.2,40.0,51.0,44.0,44.0,1,317717.45
05638-070,Jardim Londrina,8578.54,37.0,256.0,4.04,3.0,12.0,13.0,9.0,1,317406.09
05818-330,Jardim Vergueiro,3270.97,97.0,470.0,4.1,20.0,23.0,21.0,33.0,1,317284.24
05657-080,Jardim Vitória Régia,15101.74,21.0,127.0,1.49,3.0,8.0,,10.0,1,317136.55
04713-002,Chácara Santo Antônio (Zona Sul),5660.53,56.0,447.0,1.08,11.0,41.5,13.0,13.0,3,316989.57
04625-900,Nova Piraju,7910.19,40.0,248.0,4.58,15.0,11.0,4.0,10.0,1,316407.63
05633-050,Jardim Monte Kemel,4635.97,68.0,406.0,4.51,20.0,13.0,20.0,15.0,1,315246.21
05818-240,Jardim Vergueiro,3216.07,98.0,438.0,4.01,22.0,23.0,26.0,27.0,1,315175.29
05778-110,Parque Arariba,3460.16,91.0,413.0,3.9,16.0,14.0,32.0,29.0,1,314874.61
05776-340,Vila Franca,3399.0,92.5,359.5,3.38,21.0,22.5,25.5,23.5,2,314407.81
05752-350,Jardim Maria Duarte,2508.87,125.0,561.0,3.79,28.0,36.0,32.0,29.0,1,313608.49
04730-060,Várzea de Baixo,5768.51,54.0,316.0,1.46,12.0,13.0,13.0,16.0,1,311499.48
04709-080,Vila São Francisco (Zona Sul),8885.83,35.0,229.0,1.97,10.0,11.0,8.0,6.0,1,311004.08
05776-420,Vila Franca,2425.62,128.0,596.0,3.3,46.0,37.0,23.5,21.5,2,310479.52
05679-110,Jardim Panorama,1866.71,166.0,506.0,3.68,34.0,51.0,37.0,44.0,1,309874.03
04711-060,Vila São Francisco (Zona Sul),6581.93,47.0,289.0,1.55,10.0,13.0,12.0,12.0,1,309350.67
05846-390,Jardim Casablanca,6535.68,47.0,187.0,3.99,24.0,9.0,10.0,4.0,1,307177.1
05777-130,Vila Nova das Belezas,2061.04,149.0,518.0,4.27,29.0,35.0,42.0,43.0,1,307094.92
05820-200,Jardim Novo Santo Amaro,2553.08,120.0,513.5,4.16,49.0,48.0,48.0,45.5,5,306369.76
04762-040,Vila Socorro,2915.54,105.0,427.0,3.41,27.0,27.0,13.0,38.0,1,306132.06
05778-210,Parque Arariba,3430.73,89.0,383.0,4.07,11.0,31.0,23.0,24.0,1,305335.07
05635-040,Jardim Monte Kemel,4068.86,75.0,392.0,4.0,18.0,20.0,21.0,16.0,1,305164.28
05741-200,Jardim Taboão,4694.28,65.0,483.0,4.48,12.0,12.0,19.0,22.0,1,305128.07
05624-030,Vila Morse,6221.58,49.0,341.0,4.17,10.0,18.0,8.0,13.0,1,304857.46
04607-000,Campo Belo,19052.96,16.0,164.0,3.93,4.5,7.0,4.5,,2,304847.28
04902-160,Parque Alves de Lima,3946.07,77.0,434.0,4.66,16.0,22.0,20.0,19.0,1,303847.32
05836-180,Jardim Monte Azul,5425.06,56.0,360.5,2.94,11.5,14.0,14.0,16.5,2,303803.25
05778-150,Parque Arariba,2436.16,124.5,513.5,3.97,27.0,30.0,37.0,30.5,2,303302.0
04564-003,Cidade Monções,9158.3,33.0,298.0,3.58,14.0,4.0,5.0,10.0,1,302223.74
05724-003,Vila Andrade,10342.01,29.0,305.0,2.5,11.0,7.0,9.0,8.0,3,299918.25
05844-110,Jardim São Luís,3386.98,88.0,557.0,3.59,17.0,16.0,27.0,28.0,1,298054.22
05750-000,Super Quadra Morumbi,8716.22,34.0,206.0,3.97,8.0,14.0,8.0,4.0,1,296351.45
05659-010,Fazenda Morumbi,1715.19,172.0,573.5,3.15,35.5,44.5,46.0,46.0,2,295012.09
04675-905,Jardim Taquaral,6331.92,46.5,321.5,4.19,11.0,11.0,10.0,14.5,2,294434.18
05815-055,Jardim São João,2913.0,101.0,421.0,3.86,18.0,25.0,27.0,31.0,1,294213.24
05755-090,,6383.53,46.0,204.0,4.7,9.0,13.0,11.0,13.0,1,293642.6
05777-100,Vila Nova das Belezas,2933.67,100.0,508.0,3.29,26.0,26.0,26.0,22.0,1,293366.53
05736-110,Jardim Ingá,2320.01,126.0,348.5,3.31,30.5,36.0,53.0,66.0,2,292321.02
04719-060,Chácara Santo Antônio (Zona Sul),9125.83,32.0,213.0,0.44,5.0,13.0,11.0,3.0,1,292026.5
05843-180,Jardim São Luís,2849.33,102.0,491.0,2.93,16.0,25.0,28.0,33.0,1,290631.38
04559-011,Brooklin Paulista,12601.44,23.0,103.0,4.32,3.0,6.0,9.0,5.0,1,289833.18
05842-090,Jardim Casablanca,3292.45,88.0,408.0,3.58,22.0,23.0,24.0,19.0,1,289736.0
05765-200,Jardim Olinda,2556.67,113.0,354.0,4.43,25.0,28.0,30.0,30.0,1,288904.09
04710-020,Santo Amaro,10689.88,27.0,240.0,2.22,6.0,9.0,6.0,6.0,1,288626.84
05780-210,Vila Prel,3652.14,79.0,599.0,4.26,15.0,24.0,19.0,21.0,1,288519.43
04709-011,Santo Amaro,8873.1,32.5,299.5,2.15,6.0,7.5,6.5,12.5,2,288375.84
04617-004,Campo Belo,9600.08,30.0,243.0,4.52,5.0,9.0,8.0,8.0,1,288002.48
05767-390,Jardim Catanduva,2547.11,113.0,414.0,4.56,19.0,27.0,27.0,40.0,1,287823.42
05816-200,Recanto Santo Antônio,2470.7,116.0,471.5,4.63,23.0,32.5,27.5,33.0,2,286600.64
05844-010,Jardim São Luís,3580.87,80.0,414.0,3.82,13.0,21.0,14.0,32.0,1,286469.57
05780-340,Vila Prel,3624.49,79.0,459.0,4.24,15.0,23.0,18.0,23.0,1,286335.02
04571-000,Cidade Monções,20414.91,14.0,196.0,3.15,6.0,4.0,,4.0,1,285808.79
05814-110,Jardim Ibirapuera,2508.24,113.5,404.0,3.43,23.5,29.5,30.0,30.5,4,284685.72
05775-120,Parque Regina,2888.3,98.5,392.0,3.92,18.0,26.5,24.5,29.0,4,284497.25
05814-190,Jardim Ibirapuera,2460.32,115.0,375.0,3.37,19.0,27.0,31.0,38.0,1,282937.17
05710-070,Jardim Caboré,7072.06,40.0,227.0,4.38,9.0,10.0,10.0,11.0,1,282882.6
05754-030,Umarizal,4158.08,68.0,325.0,4.41,17.0,17.0,14.0,20.0,1,282749.5
05723-380,Jardim Santo Antônio,2727.72,103.5,445.5,2.06,23.0,25.0,22.0,33.5,2,282319.34
04617-002,Campo Belo,11245.67,25.0,225.0,4.28,4.5,7.0,6.0,7.5,2,281141.73
05634-050,Jardim Monte Kemel,7333.46,38.0,257.0,4.51,8.0,11.0,8.0,11.0,1,278671.65
04625-050,Nova Piraju,8706.22,32.0,251.0,4.78,10.0,7.0,8.0,7.0,1,278598.94
05634-100,Jardim Monte Kemel,8433.89,33.0,216.0,4.62,8.0,9.0,7.0,9.0,1,278318.4
05814-160,Jardim Ibirapuera,2455.28,113.0,490.0,3.56,19.0,31.0,28.0,35.0,1,277446.18
04563-011,Cidade Monções,11072.88,25.0,257.0,3.78,11.0,7.0,7.0,,1,276822.03
05657-060,Fazenda Morumbi,23001.0,12.0,167.0,1.91,,,5.0,7.0,1,276012.06
04766-001,Socorro,4498.27,61.0,309.0,3.93,8.0,21.0,14.0,18.0,1,274394.75
05750-130,Super Quadra Morumbi,2764.71,99.0,365.0,4.16,18.0,23.0,35.0,26.0,5,273706.48
05805-030,Jardim São Luís,3508.29,78.0,402.0,2.67,20.0,18.0,20.0,20.0,1,273646.57
04727-001,Vila Cruzeiro,4633.4,59.0,409.0,0.93,13.0,11.0,14.0,21.0,1,273370.48
05731-320,Vila Ernesto,4130.57,66.0,426.0,3.1,13.0,14.0,19.0,20.0,1,272617.54
04559-905,Brooklin Paulista,16018.96,17.0,225.0,4.15,6.0,,5.0,6.0,1,272322.33
05632-000,Jardim Monte Kemel,2745.85,99.0,457.0,4.09,23.0,26.0,29.0,21.0,1,271839.23
05849-200,Jardim Germânia,2790.77,97.0,473.0,4.66,14.0,25.0,19.0,39.0,1,270704.57
04568-010,Brooklin Paulista,19314.83,14.0,227.0,3.17,8.5,6.0,2.5,,2,270407.6
04654-015,Jardim Alvorada (Zona Sul),4499.64,60.0,306.0,4.56,18.0,14.0,13.0,15.0,1,269978.25
05736-190,Jardim São Roque,1936.32,139.0,462.0,3.2,26.0,24.0,52.0,37.0,1,269148.88
05766-290,Jardim Olinda,4634.44,58.0,251.5,4.29,11.0,13.5,12.0,21.5,2,268797.38
05813-090,Jardim São Luís,2714.68,99.0,384.0,2.94,27.0,28.0,29.0,15.0,3,268753.06
05835-000,Vila das Belezas,7659.09,35.0,250.0,3.43,12.0,8.0,7.0,8.0,1,268068.28
05756-370,Jardim Umarizal,2759.94,97.0,289.0,4.5,22.0,26.0,27.0,22.0,1,267714.35
04559-010,Brooklin Paulista,14836.76,18.0,172.0,4.43,4.0,6.0,5.0,3.0,1,267061.69
04685-000,Vila Sofia,8858.31,30.0,283.0,3.41,8.0,6.5,5.0,11.0,3,265749.21
05814-120,Jardim Ibirapuera,2653.72,100.0,509.0,3.65,22.0,28.0,20.0,30.0,1,265371.64
05634-110,Jardim Monte Kemel,4348.64,61.0,334.0,4.19,15.0,15.0,18.0,13.0,1,265267.3
04616-004,Campo Belo,9102.35,29.0,240.0,4.65,3.0,10.0,6.0,10.0,1,263968.07
05814-100,Jardim Ibirapuera,2152.1,122.0,349.0,3.38,27.5,31.0,26.0,37.0,5,262556.19
05665-120,Paraisópolis,2424.2,108.0,347.5,1.97,17.5,30.0,32.5,28.0,2,261813.67
04623-011,Brooklin Paulista,7690.11,34.0,209.5,4.33,10.0,17.0,8.0,7.5,2,261463.59
05813-030,Jardim São Luís,2141.19,122.0,418.0,3.19,28.0,28.0,23.0,30.0,15,261224.59
05756-400,Jardim Umarizal,2457.84,106.0,449.5,4.47,20.5,27.5,28.0,30.0,2,260531.04
05633-030,Jardim Monte Kemel,3587.49,72.0,389.0,4.55,15.0,25.0,14.0,18.0,1,258299.12
05844-150,Jardim São Luís,2555.17,101.0,454.0,3.48,25.0,31.0,18.0,27.0,1,258072.36
04624-900,Vila Congonhas,8286.04,31.0,262.0,4.47,7.0,8.0,9.0,7.0,1,256867.22
04757-120,Jardim Dom Bosco,6405.02,40.0,375.0,1.98,7.0,14.0,7.0,12.0,1,256200.71
04619-032,Campo Belo,13468.21,19.0,214.0,4.22,4.0,4.0,3.0,8.0,1,255896.04
05846-050,Vila Maracanã,4858.17,52.5,293.5,3.91,17.0,16.0,7.5,12.0,2,255053.76
04567-030,Cidade Monções,11071.54,23.0,92.0,3.49,3.0,9.0,5.0,6.0,1,254645.45
04635-001,Vila Alexandria,7669.85,33.0,259.5,4.64,7.0,11.0,8.0,7.0,2,253104.94
04728-090,Jardim Caravelas,5272.71,48.0,378.0,0.41,18.0,9.0,5.0,16.0,1,253090.25
05766-340,Jardim Olinda,2567.05,98.5,367.5,4.03,18.0,26.0,23.5,31.0,2,252854.53
04581-000,Vila Cordeiro,9340.6,27.0,249.0,3.17,10.0,4.0,4.0,9.0,1,252196.21
05633-000,Jardim Monte Kemel,4376.58,57.0,322.0,4.18,11.0,13.0,13.0,20.0,1,249465.27
05756-320,Jardim Umarizal,2283.86,109.0,393.0,3.98,20.0,27.0,30.0,32.0,1,248941.0
05844-195,Jardim São Luís,2136.88,116.0,482.0,4.06,30.0,25.0,35.0,26.0,3,247877.74
05723-400,Jardim Santo Antônio,2910.35,85.0,297.0,2.22,19.0,25.0,19.0,22.0,1,247379.4
05612-000,Jardim Guedala,27467.88,9.0,213.0,4.66,,,9.0,,1,247210.88
04719-917,Chácara Santo Antônio (Zona Sul),6677.6,37.0,300.0,0.26,7.0,11.0,11.0,8.0,1,247071.12
05841-130,Vila das Belezas,4168.49,59.0,275.0,3.05,12.0,16.0,12.0,19.0,1,245940.76
04710-220,Santo Amaro,7816.55,31.0,332.0,1.66,6.0,5.0,10.0,10.0,1,242313.2
05690-050,Vila Tramontano,9653.41,25.0,194.0,2.5,6.0,9.0,5.0,5.0,1,241335.23
05845-260,Jardim Brasília,2411.55,100.0,393.0,3.69,29.0,24.0,18.0,29.0,1,241154.76
05775-160,Parque Regina,2701.29,89.0,384.0,4.01,19.0,17.0,27.0,26.0,1,240414.89
05778-250,Parque Arariba,1987.55,120.0,455.0,4.18,21.0,38.0,29.0,32.0,1,238505.65
05766-270,Jardim Olinda,2503.86,95.0,348.0,4.13,24.0,22.5,25.5,23.0,2,237866.24
05736-160,Jardim Ingá,2660.96,88.0,351.0,3.47,19.0,19.0,22.0,20.0,3,234164.33
04755-050,Santo Amaro,6316.61,37.0,212.0,1.47,12.0,10.0,11.0,8.0,3,233714.72
05710-030,Jardim Vazani,7491.86,31.0,172.0,4.16,6.0,13.0,6.0,6.0,1,232247.7
05841-100,Vila das Belezas,4936.45,47.0,304.0,3.19,13.0,7.0,12.0,15.0,1,232013.0
04702-000,Santo Amaro,10083.39,23.0,280.0,2.36,6.5,5.5,3.0,8.0,2,231918.03
05818-340,Jardim Leni,1864.01,124.0,427.0,3.79,23.0,34.0,24.0,31.0,3,231137.03
04729-000,Jardim Caravelas,4914.42,47.0,267.0,1.16,11.0,11.0,12.0,13.0,1,230977.79
05818-250,Jardim Leni,2465.14,93.5,325.5,3.75,19.5,19.5,25.0,29.5,2,230490.55
05775-260,Parque Regina,2530.48,91.0,350.0,4.07,15.0,24.0,21.0,31.0,3,230273.49
05802-140,Jardim São Luís,1891.13,121.0,384.5,3.2,30.0,32.5,36.0,35.0,7,228826.45
05624-001,Vila Morse,6258.24,36.5,230.0,4.51,6.0,8.0,10.5,12.0,2,228425.78
05812-030,Jardim São Luís,2618.13,87.0,412.0,3.13,18.0,28.0,18.0,23.0,1,227777.39
04634-045,Jardim Brasil (Zona Sul),7818.26,29.0,163.0,4.42,4.0,7.0,8.0,10.0,1,226729.66
04634-020,Jardim Brasil (Zona Sul),9805.55,23.0,234.0,4.46,8.0,6.0,6.0,12.0,3,225527.55
05818-300,Jardim Vergueiro,2186.39,102.5,397.5,3.95,19.5,26.5,39.0,28.5,4,224105.17
04601-902,Campo Belo,13162.17,17.0,203.0,3.93,,5.0,5.0,7.0,1,223756.93
05801-120,Jardim Mirante,3233.56,69.0,315.0,2.36,13.0,20.0,16.0,20.0,1,223115.72
04741-010,Jardim Santo Amaro,7195.65,31.0,228.0,2.79,6.0,10.0,9.0,6.0,1,223065.15
05727-220,Vila Andrade,8572.49,26.0,149.0,2.46,7.0,6.0,10.0,3.0,1,222884.76
04634-050,Jardim Brasil (Zona Sul),7606.28,29.0,334.0,4.84,7.0,12.0,7.0,3.0,1,220581.99
05774-220,Parque Regina,2672.0,82.0,375.0,3.67,22.0,23.0,20.0,17.0,1,219104.01
04662-010,Santo Amaro,6590.21,33.0,172.0,3.07,3.0,10.0,15.0,5.0,1,217476.95
04567-080,Cidade Monções,8364.13,26.0,211.0,3.31,7.0,7.0,6.0,6.0,1,217467.35
05778-090,Parque Arariba,3145.39,69.0,378.0,3.68,22.0,16.0,17.0,14.0,1,217031.8
05750-220,Super Quadra Morumbi,6182.11,35.0,245.0,4.27,6.0,11.0,8.0,10.0,1,216374.0
05846-175,Conjunto Promorar São Luis,2077.98,104.0,455.0,4.22,27.0,20.0,29.0,28.0,1,216110.29
04713-001,Chácara Santo Antônio (Zona Sul),4215.57,51.0,298.0,1.48,6.0,14.0,7.0,24.0,1,214993.83
05812-070,Jardim São Luís,2558.65,84.0,381.0,3.15,20.0,19.0,24.0,21.0,1,214926.47
04751-030,Santo Amaro,6685.02,32.0,149.0,2.1,6.0,5.0,11.0,10.0,1,213920.78
05801-110,Jardim Mirante,1825.42,115.0,349.0,2.73,28.0,28.0,29.0,30.0,1,209923.27
05641-050,Vila Suzana,12326.31,17.0,126.0,2.86,5.0,3.0,,9.0,1,209547.27
05777-000,Vila Prel,2633.87,79.0,382.0,4.59,11.0,17.0,27.0,24.0,1,208076.01
05765-140,Jardim Olinda,2596.06,80.0,330.0,4.51,19.5,22.5,12.0,26.0,2,207684.71
04750-030,Santo Amaro,10116.98,20.5,308.5,1.7,3.0,8.5,8.0,6.5,2,207398.09
04614-010,Campo Belo,11503.55,18.0,225.0,4.31,8.0,3.0,4.0,3.0,1,207063.83
04726-200,Vila Cruzeiro,12171.04,17.0,275.0,0.23,5.0,4.0,4.0,4.0,1,206907.74
05734-020,Parque Reboucas,1906.08,108.0,310.5,3.6,26.0,26.5,32.0,23.5,2,205857.17
05752-000,Jardim Maria Duarte,4470.52,46.0,324.0,4.38,7.0,13.0,11.0,15.0,1,205643.92
05730-150,Vila Andrade,2626.86,78.0,403.0,3.5,17.0,18.0,17.0,26.0,1,204895.29
05819-010,Jardim Santa Josefina,2799.9,73.0,331.0,4.72,17.0,10.0,20.0,26.0,1,204393.05
04714-001,Chácara Santo Antônio (Zona Sul),10190.47,20.0,194.0,1.29,4.0,5.0,7.0,4.0,1,203809.45
05773-020,Parque Regina,2327.31,87.0,341.5,4.24,21.5,19.5,20.5,28.0,6,202475.77
05841-150,Vila das Belezas,3094.96,65.0,387.0,3.23,20.0,15.0,17.0,13.0,1,201172.47
04726-220,Vila Cruzeiro,11798.5,17.0,268.0,0.11,5.0,29.5,7.0,23.0,6,200574.47
05632-010,Jardim Monte Kemel,2430.99,82.5,312.5,3.93,18.5,22.0,17.5,24.5,2,200556.37
04674-090,Jardim Itapeva,6059.35,33.0,211.0,4.4,6.0,9.0,9.0,9.0,1,199958.53
05816-190,Recanto Santo Antônio,2414.3,82.0,282.0,4.31,23.0,13.0,14.0,32.0,1,197972.31
04561-070,Brooklin Paulista,8966.65,22.0,242.0,3.94,4.0,7.0,3.0,8.0,1,197266.22
05776-360,Vila Franca,2017.27,97.0,373.0,3.21,18.0,22.0,25.0,32.0,1,195674.73
04770-020,Jardim Guarapiranga,4884.15,40.0,216.0,4.9,4.0,8.0,11.0,17.0,1,195365.94
05847-620,Jardim Brasília,1908.26,102.0,344.0,4.47,22.0,26.5,25.0,27.5,14,194642.74
05690-010,Vila Tramontano,7459.69,26.0,171.0,2.22,5.0,6.0,7.0,8.0,1,193952.06
05774-260,Parque Regina,2419.64,80.0,348.0,3.9,15.0,17.0,25.0,23.0,1,193571.53
04763-000,Socorro,5185.11,37.0,252.0,3.69,8.0,4.0,7.0,18.0,1,191848.95
05844-020,Jardim São Luís,2018.8,95.0,251.0,4.32,16.0,26.0,22.0,31.0,1,191786.13
05734-010,Parque Reboucas,1742.14,109.0,263.0,3.44,23.0,26.0,23.0,37.0,3,189893.72
05841-140,Vila das Belezas,2040.73,93.0,367.0,3.43,21.0,19.0,25.0,28.0,1,189788.34
05765-160,Jardim Olinda,1783.82,105.0,366.5,4.47,18.0,27.0,28.5,31.5,2,187300.75
05843-290,Jardim São Luís,2124.32,88.0,277.0,2.68,25.0,22.0,17.0,24.0,1,186940.35
04743-050,Santo Amaro,3131.75,59.0,434.0,2.87,13.0,15.0,13.0,18.0,1,184773.12
04563-010,Cidade Monções,12280.65,15.0,247.0,3.82,5.0,3.0,3.0,4.0,1,184209.8
05632-030,Jardim Monte Kemel,4829.51,38.0,259.0,4.4,10.0,5.0,9.0,14.0,1,183521.21
05625-070,Vila Sônia,6793.49,27.0,227.0,4.65,6.0,6.0,8.0,7.0,1,183424.24
04709-040,Santo Amaro,9652.55,19.0,237.0,1.95,,6.0,6.0,7.0,1,183398.53
04753-020,Santo Amaro,5381.65,34.0,167.0,1.78,9.0,6.0,9.0,10.0,1,182976.21
05632-090,Vila Sônia,5560.08,32.5,207.0,4.61,6.0,8.0,8.0,10.5,2,180702.71
04632-010,Jardim Aeroporto,16377.35,11.0,269.0,4.57,4.0,4.0,0.0,3.0,1,180150.8
05836-300,Jardim Monte Azul,3531.1,51.0,272.0,3.06,9.0,13.0,14.0,15.0,1,180086.13
04762-020,Vila Socorro,4694.89,38.0,188.0,3.66,8.0,12.0,12.0,6.0,1,178405.83
05776-530,Jardim São Roque,2225.85,80.0,297.0,2.91,13.0,32.0,19.0,16.0,1,178067.74
05659-000,Paraisópolis,2431.71,73.0,457.0,3.46,11.0,19.0,23.0,20.0,3,177515.11
05662-000,Jardim Morumbi,9291.63,19.0,182.0,2.66,5.0,5.0,,9.0,1,176540.94
04634-030,Jardim Brasil (Zona Sul),7043.68,25.0,174.0,4.7,7.0,3.0,6.0,9.0,1,176091.88
05624-100,Vila Morse,4497.15,39.0,250.0,4.24,5.0,13.0,6.0,15.0,1,175389.01
04760-020,Vila Socorro,2692.52,64.5,289.0,3.12,10.5,16.0,16.0,22.0,2,173667.83
05632-040,Jardim Monte Kemel,2818.95,61.0,265.0,4.5,11.0,12.0,19.0,19.0,3,171956.0
04664-145,Jardim Marajoara,14283.65,12.0,49.0,3.45,3.0,4.0,5.0,,1,171403.85
05709-030,Vila Suzana,14218.05,12.0,88.0,3.36,,6.0,,6.0,1,170616.6
05765-240,Jardim Olinda,2751.16,62.0,268.0,4.33,12.0,10.0,16.0,24.0,1,170572.16
05775-200,Parque Regina,2503.17,68.0,332.5,4.08,15.0,22.5,19.0,25.0,5,170215.42
05849-480,Jardim Germânia,4335.54,39.0,229.0,4.58,14.0,8.0,7.0,10.0,1,169085.87
04581-903,Vila Cordeiro,9919.42,17.0,185.0,3.21,5.0,,6.0,6.0,1,168630.09
05843-160,Jardim São Luís,2425.29,68.0,263.0,2.81,13.0,21.0,17.0,17.0,1,164919.86
05846-270,Jardim Casablanca,2102.07,78.0,314.5,4.55,11.5,18.5,22.0,26.0,4,163961.1
04620-004,Campo Belo,2295.72,71.0,229.0,4.09,24.0,19.0,16.0,12.0,1,162996.42
05735-070,Parque Reboucas,1958.2,83.0,267.0,3.89,19.0,22.0,19.0,23.0,1,162530.48
05628-040,Vila Sônia,4244.12,38.0,260.0,4.21,8.0,10.0,7.0,13.0,1,161276.44
04626-000,Santo Amaro,10027.16,16.0,115.0,4.36,,8.0,5.0,3.0,1,160434.49
05843-310,Jardim São Luís,2757.22,58.0,315.0,3.21,9.0,19.0,16.0,14.0,1,159918.53
04673-180,Vila Anhangüera,6122.96,26.0,184.0,3.89,4.0,9.0,7.0,6.0,1,159196.84
04760-070,Vila Socorro,2007.77,79.0,297.0,3.59,17.0,22.0,23.0,17.0,1,158613.92
05815-095,Jardim São Francisco de Assis,1546.48,97.0,382.0,3.86,16.0,15.0,26.0,40.0,1,150008.14
04619-001,Campo Belo,21391.27,7.0,165.0,3.88,,4.0,3.0,,1,149738.89
04606-003,Campo Belo,12288.33,12.0,201.0,4.18,7.0,6.0,4.0,5.0,3,147460.0
05642-909,Vila Suzana,6133.93,24.0,157.0,2.64,3.0,10.0,8.0,3.0,1,147214.27
05729-100,Vila Andrade,1909.2,77.0,246.0,2.93,19.0,31.0,16.0,17.0,3,147008.67
04662-020,Santo Amaro,6855.94,21.0,109.0,3.34,3.0,11.0,3.0,4.0,1,143974.77
04603-039,Santo Amaro,12932.94,11.0,249.0,2.64,3.0,4.0,,4.0,1,142262.33
05626-100,Vila Sônia,2727.99,52.0,218.0,4.24,8.0,16.0,15.0,13.0,1,141855.71
04726-230,Vila Cruzeiro,5449.6,26.0,157.0,0.18,6.0,9.0,5.0,6.0,1,141689.65
05640-002,Jardim Londrina,11708.52,12.0,115.0,3.33,,,3.0,9.0,1,140502.28
05712-040,Jardim Parque Morumbi,2529.07,54.0,279.5,2.1,30.5,26.0,24.0,21.5,3,136570.03
04704-020,Jardim das Acácias,13138.51,10.0,226.0,2.78,5.0,5.0,,,1,131385.06
05776-460,Jardim Eliza,3181.98,41.0,222.0,3.54,6.0,8.0,10.0,17.0,1,130461.13
04730-030,Várzea de Baixo,4589.15,28.0,167.0,1.15,4.0,6.0,8.0,10.0,1,128496.2
05815-070,Jardim São Francisco de Assis,3484.76,36.5,165.5,3.8,11.0,23.0,12.0,7.5,2,127193.6
05813-050,Jardim São Luís,2048.9,62.0,230.0,2.92,56.5,49.5,15.0,22.0,3,127031.84
05814-200,Jardim Ibirapuera,2046.26,62.0,202.5,3.58,14.5,16.5,13.0,18.0,2,126868.21
04724-010,Santo Amaro,8211.67,15.0,133.0,1.51,5.0,6.0,,4.0,1,123175.03
05778-290,Parque Arariba,3284.9,37.0,185.0,3.92,7.0,11.0,11.0,8.0,1,121541.33
05741-210,Jardim Morro Verde,1911.99,63.0,199.0,4.33,8.5,18.5,14.0,22.0,2,120455.54
05705-260,Paraíso do Morumbi,11919.97,10.0,105.0,1.16,,6.0,4.0,,1,119199.7
04635-020,Vila Alexandria,6249.5,19.0,161.0,4.22,4.0,,7.0,8.0,1,118740.44
04567-060,Cidade Monções,7837.67,15.0,98.0,3.27,4.0,6.0,,5.0,1,117565.02
05778-280,Parque Arariba,3257.49,35.5,178.0,3.96,8.0,18.0,16.0,21.0,2,115640.79
04672-120,Jardim Bélgica,6372.22,18.0,117.0,3.45,7.0,,0.0,11.0,1,114699.89
05742-140,Jardim Taboão,6006.64,19.0,63.0,4.38,7.0,,5.0,7.0,1,114126.07
05756-230,Vila Nova Pirajussara,1591.22,71.0,156.0,4.49,17.0,19.0,19.0,16.0,1,112976.65
04705-080,Vila Gertrudes,27195.54,4.0,134.0,2.22,40.0,26.0,20.0,5.0,3,108782.15
05736-170,Jardim São Roque,2169.99,49.0,139.0,3.13,10.0,17.0,17.0,5.0,1,106329.55
04620-010,Campo Belo,4255.27,23.5,128.5,4.16,4.0,5.5,12.0,20.0,2,99998.94
05663-030,Paraisópolis,2226.7,44.0,237.0,2.92,8.0,11.0,16.0,40.0,5,97974.86
04675-060,Jardim Taquaral,3534.01,26.0,258.0,4.16,7.0,4.0,6.0,9.0,1,91884.29
05628-030,Jardim Colombo,3477.08,26.0,169.0,4.36,4.0,7.0,8.0,7.0,1,90404.11
04604-007,Santo Amaro,18076.33,5.0,228.0,4.42,,5.0,,,1,90381.64
05731-250,Vila Plana,4650.64,19.0,160.0,3.14,5.0,6.0,3.0,5.0,1,88362.2
05633-040,Jardim Monte Kemel,4646.51,19.0,159.0,4.59,,6.0,7.0,6.0,1,88283.64
05775-190,Parque Regina,3267.08,27.0,161.0,3.96,6.0,8.0,4.0,9.0,1,88211.14
05842-030,Vila das Belezas,1904.98,46.0,181.0,3.73,14.0,12.0,10.0,10.0,1,87628.9
05777-180,Vila Nova das Belezas,3070.97,28.5,134.5,3.72,7.5,4.5,8.5,8.0,2,87522.53
05820-130,Jardim Ymay,2406.9,34.0,157.0,3.99,5.0,8.0,8.0,13.0,1,81834.75
04905-000,Jardim das Flores,5309.92,15.0,102.0,4.47,6.0,3.0,,6.0,1,79648.74
05679-010,Jardim Panorama,1804.78,43.0,199.0,3.87,8.0,14.0,20.0,14.0,4,77605.54
05774-280,Parque Regina,2036.84,37.0,166.0,3.75,8.0,10.0,9.0,10.0,3,75363.17
04673-170,Vila Anhangüera,5767.43,12.0,119.0,3.72,,6.0,6.0,,1,69209.22
05773-040,Parque Regina,2144.32,31.0,105.0,4.02,11.0,4.0,19.0,12.0,3,66473.77
05819-090,Jardim Santa Josefina,1750.39,36.0,116.0,4.29,3.0,8.0,10.0,15.0,1,63014.07
04709-010,Chácara Santo Antônio (Zona Sul),7259.84,8.0,98.0,1.9,,3.0,,5.0,1,58078.76
04705-000,Vila Gertrudes,18705.36,3.0,253.0,2.17,,,,3.0,1,56116.09
04726-180,Vila Cruzeiro,8756.66,6.0,101.0,0.23,6.0,,,,1,52539.93
04571-110,Cidade Monções,9975.1,5.0,95.0,3.88,,,,5.0,1,49875.5
05718-300,Vila Andrade,12124.2,4.0,141.0,2.31,4.0,,,,1,48496.79
04555-000,Brooklin Paulista,15685.98,3.0,204.0,4.37,0.0,,1.5,3.0,2,47057.94
04556-300,Brooklin Paulista,14159.33,3.0,124.0,4.18,,,0.0,3.0,1,42477.99
05818-350,Jardim Leni,2262.25,18.5,115.5,3.77,5.0,5.5,6.0,4.0,2,41851.67
05765-250,Jardim Olinda,1935.95,21.0,89.0,4.42,4.0,0.0,12.0,5.0,1,40655.02
04711-030,Vila São Francisco (Zona Sul),4233.87,9.0,77.0,1.4,3.0,,3.0,3.0,1,38104.85
04609-011,Campo Belo,2130.0,16.0,107.0,3.8,,5.0,6.0,5.0,1,34080.08
05725-060,Vila Andrade,8422.5,4.0,120.0,2.43,,,0.0,4.0,1,33690.01
04618-916,Campo Belo,10721.28,3.0,168.0,3.88,,,3.0,,1,32163.83
05659-900,Paraisópolis,10101.49,3.0,45.0,3.16,,,0.0,3.0,1,30304.47
05773-110,Parque Regina,2739.75,11.0,63.0,4.35,5.0,3.0,,3.0,1,30137.28
04744-030,Santo Amaro,7977.11,3.0,43.0,2.44,,,3.0,,1,23931.33
05773-070,Parque Regina,2138.42,8.0,37.0,4.03,3.0,8.0,0.0,5.0,2,17107.35
04794-000,Vila Gertrudes,7210.57,0.0,71.0,0.55,3.0,4.0,4.0,5.0,3,0.0
05693-000,Jardim Morumbi,24427.98,0.0,104.0,1.08,0.0,,0.0,0.0,1,0.0
04729-080,Jardim Caravelas,7363.12,0.0,11.0,0.4,0.0,0.0,0.0,0.0,1,0.0
04673-150,Vila Anhangüera,7475.46,0.0,64.0,3.93,0.0,,,0.0,1,0.0
05778-120,Parque Arariba,2509.43,0.0,21.0,3.9,0.0,0.0,0.0,0.0,1,0.0
04710-180,Santo Amaro,6705.14,0.0,42.0,1.87,0.0,0.0,0.0,,1,0.0
04747-001,Santo Amaro,6516.06,0.0,34.0,3.05,,,,0.0,1,0.0
05715-010,Vila Andrade,14777.84,0.0,125.0,2.14,,0.0,,,1,0.0
04604-005,Santo Amaro,14214.95,0.0,150.0,3.98,0.0,0.0,0.0,0.0,1,0.0
04603-004,Santo Amaro,9463.3,0.0,119.0,4.49,0.0,0.0,,,1,0.0
04607-901,Campo Belo,9739.87,0.0,158.0,4.27,0.0,,,0.0,1,0.0
04623-070,Brooklin Paulista,,0.0,,4.46,,,,,1,
04624-002,Vila Congonhas,,0.0,,4.48,,,,,1,
04674-150,Jardim Itapeva,,0.0,,4.58,,,,,1,
04795-912,Vila Almeida,,0.0,,4.22,,,,,1,
05665-140,Paraisópolis,,0.0,,2.01,,,,,1,
05743-240,Jardim Nadir,,0.0,,4.47,,,,,1,
05835-005,Vila Maracanã,,0.0,,4.53,,,,,1,
