CEP,Bairro,renda_mediana_2025,mediana_criancas_0_9,populacao_mediana,distancia_mediana_km,pontos,score_trafego_2025
05726-130,Vila Andrade,11951.8,92.0,600.0,1.0,5,1099565.73
05727-240,Vila Andrade,12706.02,34.0,237.0,1.05,5,432004.56
05734-080,Vila Andrade,9578.44,56.0,390.0,1.52,5,536392.53
05734-150,Vila Andrade,13601.75,25.5,297.0,1.55,6,346844.57
05728-050,Vila Andrade,3787.58,61.5,414.5,1.71,6,232936.17
05729-090,Vila Andrade,10568.17,29.0,265.0,1.93,5,306476.91
05717-270,Vila Andrade,15458.43,31.0,357.0,2.2,5,479211.26
05729-080,Vila Andrade,1905.29,93.5,602.5,2.21,6,178144.97
05724-902,Vila Andrade,9531.41,32.0,377.0,2.45,5,305005.01
